92.29,1,35,0,0,0,45,79,42,0,0,99,0,0,26,0
92.36,-1,58,85,0,30,100,73,47,0,0,98,0,0,0,44
92.0,1,60,0,0,0,35,86,41,57,0,95,0,0,55,0
92.75,1,62,0,0,31,34,74,64,0,0,96,0,85,80,0
93.93,1,53,0,0,64,35,72,50,0,0,90,0,44,28,0
94.0,-1,32,0,0,0,51,70,43,56,0,92,0,0,0,0
93.98,-1,38,85,0,0,0,77,58,0,0,97,0,42,26,44
92.56,1,72,0,0,30,0,70,55,0,0,96,0,0,39,0
92.65,-1,54,0,0,91,34,71,32,0,0,95,0,0,40,0
92.03,1,24,0,0,47,35,69,41,0,0,93,0,0,54,0
92.92,-1,63,0,0,29,0,66,30,0,90,96,0,40,25,0
92.36,-1,29,0,0,0,64,67,40,0,0,99,0,40,25,0
92.5,-1,45,0,0,29,43,67,51,53,0,97,0,41,26,0
92.05,-1,57,0,0,30,0,69,31,0,0,98,0,0,0,0
92.44,1,43,0,0,30,0,74,43,0,0,89,0,42,27,0
92.03,-1,51,0,0,0,32,64,35,0,0,96,0,0,25,0
91.92,-1,63,0,0,0,32,67,25,52,0,100,0,0,25,0
92.37,1,49,0,0,0,65,75,31,52,0,98,0,41,25,0
93.38,-1,40,0,0,31,0,72,49,0,0,93,0,0,27,0
92.27,-1,73,0,0,0,32,65,45,0,0,98,0,40,100,0
90.73,1,54,81,0,0,31,68,50,0,0,99,0,0,25,0
91.6,-1,69,0,0,0,0,63,49,0,0,100,0,0,0,42
90.92,1,22,0,0,0,0,62,40,0,0,99,0,40,50,42
92.86,1,38,0,0,0,33,66,42,0,0,93,0,0,26,0
93.66,1,58,0,0,28,94,72,50,0,0,98,0,0,0,0
93.78,-1,61,0,0,0,31,67,69,0,0,98,0,0,49,0
92.88,1,32,0,0,0,31,61,59,0,0,96,0,0,37,0
93.2,1,59,0,0,58,0,66,50,0,0,96,0,40,0,0
94.06,-1,46,84,0,0,33,69,58,0,0,91,0,41,53,0
92.85,1,61,0,0,0,47,69,34,0,0,98,0,0,49,0
93.95,-1,47,0,0,0,31,71,39,0,0,99,0,0,49,0
92.88,-1,72,0,0,28,0,64,25,50,0,98,0,0,0,41
92.89,-1,70,0,0,0,32,72,30,0,0,96,0,40,25,0
92.47,-1,53,0,0,30,33,69,26,0,0,89,0,41,26,43
92.9,1,72,80,0,0,31,59,34,51,0,95,0,0,24,82
94.23,-1,57,0,0,0,0,69,69,0,0,96,0,38,24,0
93.81,-1,58,0,0,0,32,75,35,0,0,97,0,40,0,0
94.05,1,57,0,0,28,46,62,34,100,0,93,0,39,25,0
94.74,1,48,0,0,29,32,76,56,0,0,89,0,40,51,0
94.55,1,49,0,0,0,0,73,53,49,0,91,0,0,36,80
95.29,-1,73,77,0,0,45,66,93,0,0,94,0,75,47,0
93.95,-1,100,0,0,27,30,79,58,0,0,98,0,0,24,0
93.86,-1,60,0,0,27,31,80,51,0,0,92,0,38,24,0
92.95,-1,41,0,0,29,48,77,56,0,0,84,0,40,25,42
92.71,1,45,0,0,0,0,68,57,0,0,95,0,0,23,0
94.02,1,48,0,0,0,0,70,47,0,0,92,0,38,47,39
94.94,-1,55,0,0,27,45,71,61,48,0,94,0,38,47,0
94.68,1,49,78,0,27,0,71,62,0,0,92,0,38,48,0
94.61,-1,33,81,0,29,32,68,35,52,0,89,0,40,25,42
92.41,1,44,0,0,27,44,69,56,0,0,90,0,37,0,39
89.67,-1,65,0,0,27,30,69,35,0,0,94,0,37,35,0
89.03,-1,38,0,0,27,30,75,38,48,0,93,0,38,47,39
88.57,-1,53,0,0,0,0,74,73,0,0,90,0,39,37,0
87.9,1,63,82,0,29,32,72,51,52,0,84,0,40,25,0
88.03,-1,45,0,0,0,30,66,48,0,0,87,0,38,24,0
87.94,1,26,0,0,0,32,81,55,0,0,86,0,40,76,0
89.61,-1,30,0,0,87,32,78,41,0,0,86,0,40,25,43
88.08,1,54,0,0,0,29,71,65,0,0,91,0,0,23,0
89.95,1,51,0,0,27,58,71,51,0,0,93,0,0,23,38
90.34,-1,47,0,0,26,29,78,59,0,0,92,0,0,34,0
89.11,-1,35,78,0,27,45,77,81,0,0,92,0,38,0,40
88.6,1,58,0,0,0,31,69,64,0,0,87,0,39,25,0
88.96,1,67,0,0,44,35,69,53,0,0,92,0,26,42,0
88.6,1,64,0,0,45,0,64,88,0,0,92,0,53,38,81
89.17,-1,59,0,0,0,0,77,48,0,0,92,100,26,0,0
86.74,1,83,46,0,0,35,100,57,0,0,92,0,0,38,55
88.12,1,52,0,0,0,37,83,33,53,0,86,0,0,39,56
89.25,1,62,0,0,44,34,64,62,0,0,94,0,26,28,53
89.08,-1,66,0,0,0,0,63,39,0,0,96,0,26,28,0
89.08,-1,50,0,0,0,0,63,32,100,0,94,0,53,28,0
89.29,1,48,0,0,47,37,76,50,53,0,88,0,0,0,56
89.54,1,65,43,0,43,100,60,38,0,0,98,0,0,54,0
90.19,1,57,0,0,43,0,60,31,0,0,100,0,51,41,0
90.1,1,87,43,0,0,0,63,50,0,0,97,0,0,27,0
91.35,-1,44,44,0,43,34,64,43,0,0,95,0,26,28,0
90.68,1,55,0,0,45,53,68,53,0,0,88,51,0,39,0
91.41,-1,57,43,0,0,34,62,42,0,0,96,0,0,27,52
90.31,-1,78,0,0,0,50,63,42,0,0,95,0,26,41,51
90.3,1,88,44,0,0,34,62,39,0,0,94,0,0,28,52
90.8,1,45,0,0,0,34,59,36,0,0,97,0,0,28,53
91.24,1,69,0,0,0,35,72,33,0,0,90,51,0,29,56
91.37,1,82,0,0,0,33,64,69,0,0,96,0,0,0,0
92.65,1,52,0,0,0,33,64,31,0,0,96,0,0,46,52
93.72,-1,66,0,0,44,34,64,43,0,0,94,0,26,55,53
92.95,-1,62,0,0,0,34,56,43,0,0,92,0,0,28,0
92.0,1,34,46,0,0,0,60,49,0,0,88,0,0,29,0
92.39,1,44,0,0,0,0,59,19,0,0,92,0,0,27,53
93.13,1,53,44,0,0,0,67,35,0,0,92,0,26,28,0
93.92,-1,48,0,0,45,35,66,68,0,0,90,0,27,29,0
93.35,1,41,0,0,0,0,63,56,0,0,85,0,27,0,0
92.78,1,48,0,0,0,37,66,51,54,0,81,54,29,30,0
92.7,1,28,0,0,0,85,72,69,0,0,68,0,0,35,0
93.35,-1,50,0,0,100,39,57,53,0,0,85,0,0,0,60
93.11,-1,47,0,0,0,36,65,62,0,0,84,0,0,30,0
91.98,-1,34,0,0,0,37,63,73,54,0,84,0,57,30,0
91.55,1,65,0,0,0,63,61,36,0,0,73,0,0,34,0
94.19,1,50,0,0,44,69,64,28,0,0,86,50,0,38,0
94.34,1,35,0,0,66,0,63,74,0,0,92,0,0,28,0
94.79,1,50,0,0,45,0,74,52,0,0,89,0,27,86,0
95.02,1,21,0,0,64,0,65,38,0,0,90,0,50,41,51
95.17,1,68,0,0,70,65,68,78,0,0,91,0,25,40,0
95.87,1,72,0,0,56,0,73,49,0,0,95,0,0,45,0
96.71,1,60,0,100,98,82,65,60,0,0,92,0,25,40,0
95.84,1,58,0,0,66,0,67,66,49,0,90,0,26,42,0
96.4,1,79,0,0,83,32,70,44,0,0,95,0,24,44,0
96.83,1,58,0,0,61,0,75,44,0,0,95,0,0,26,0
97.0,1,63,0,0,42,0,76,48,47,0,93,0,25,26,50
97.79,1,68,0,0,42,33,69,63,0,0,96,0,100,80,0
98.42,1,48,0,0,87,34,69,50,0,0,88,0,51,82,51
98.39,1,62,0,0,0,32,72,73,0,0,98,0,24,39,0
98.97,1,67,42,0,41,0,80,59,0,0,99,0,0,93,50
99.38,1,63,0,0,62,65,88,56,47,0,95,0,25,92,0
99.79,1,69,0,0,0,67,80,57,0,0,92,0,25,64,52
100.98,-1,53,41,0,0,31,74,68,0,0,97,0,48,51,49
100.33,1,78,41,0,40,32,73,79,0,0,100,0,0,51,0
101.8,-1,58,41,0,41,32,74,47,0,0,97,46,24,86,49
100.69,-1,46,0,0,0,0,79,41,0,0,96,46,25,70,100
101.44,1,61,0,0,0,0,72,35,0,0,91,0,26,69,52
100.77,0,74,0,0,82,32,55,18,0,0,98,0,0,52,49
101.31,1,83,0,0,0,0,68,91,0,0,99,0,24,52,97
101.13,1,100,0,0,0,32,71,48,0,0,97,0,24,70,50
102.65,-1,55,0,0,0,0,67,33,0,0,98,0,74,71,50
102.34,1,35,0,0,43,34,72,61,0,0,91,0,64,46,0
102.39,1,44,83,0,0,0,69,75,0,0,73,0,34,77,53
102.66,1,55,0,0,45,100,72,59,0,0,75,0,18,53,54
103.03,-1,58,0,0,43,64,71,41,0,0,73,0,26,64,0
102.43,1,60,86,0,44,49,75,71,0,0,72,0,53,26,0
103.06,1,51,87,0,45,34,77,47,52,0,69,0,54,54,55
103.42,1,100,0,0,0,31,87,44,0,0,77,0,17,63,0
104.18,-1,19,0,0,0,32,72,49,0,0,75,0,51,25,52
102.88,-1,39,84,0,0,32,80,65,48,0,76,0,26,51,52
102.99,1,30,0,0,0,0,74,76,0,0,72,0,18,26,0
103.91,-1,56,0,0,41,31,63,55,0,0,73,0,16,25,49
102.11,1,38,80,0,42,47,75,44,0,0,77,0,33,50,100
102.1,1,28,81,0,0,31,73,36,0,0,76,100,17,62,51
103.6,1,67,0,0,0,0,75,53,0,0,76,0,34,51,0
103.39,1,35,85,0,44,100,89,72,0,0,72,0,0,52,0
103.51,-1,62,0,0,0,31,73,76,0,0,76,0,17,25,0
103.76,1,71,0,0,42,0,76,56,48,0,76,0,33,100,51
104.73,-1,33,0,0,42,31,75,52,0,0,75,0,25,75,51
104.8,-1,44,0,0,0,32,77,94,0,0,75,0,26,51,52
105.0,1,35,0,0,0,33,80,33,0,0,70,0,18,65,0
105.33,1,70,0,0,0,31,74,71,0,0,76,0,33,37,0
105.82,-1,74,79,0,0,0,75,82,0,0,75,0,16,49,0
105.13,-1,65,0,0,0,31,75,86,0,0,73,0,0,48,0
105.33,1,47,0,0,42,31,82,48,48,0,73,0,49,49,51
105.9,1,30,0,0,44,33,76,75,0,0,70,0,17,78,0
105.23,1,61,0,0,0,0,73,59,0,0,78,0,33,97,50
105.83,-1,65,0,0,0,31,71,79,0,0,77,98,49,74,0
105.91,-1,76,0,0,0,47,74,36,0,0,77,0,16,25,0
105.39,-1,66,0,0,0,0,72,60,0,0,74,0,17,50,51
105.1,1,49,0,0,0,65,73,57,0,0,71,0,51,0,0
106.53,-1,66,0,0,0,46,81,44,0,0,77,0,33,62,0
105.41,1,62,0,0,0,31,77,60,0,0,75,0,33,99,76
105.35,-1,39,0,0,0,48,70,57,0,0,74,0,42,38,52
105.67,1,55,0,0,45,34,75,47,0,0,73,0,35,40,54
106.0,-1,54,0,0,44,65,80,58,0,0,66,0,35,39,53
105.8,1,56,80,0,0,0,79,83,0,0,76,0,41,99,0
106.6,-1,61,0,0,41,62,87,47,0,0,76,0,41,74,0
105.82,0,52,0,0,43,0,81,56,0,0,75,0,25,37,0
104.45,1,34,0,0,0,32,100,95,50,0,71,0,35,39,0
105.86,-1,55,0,0,0,46,72,62,46,0,76,0,16,24,0
106.0,-1,73,0,0,0,30,79,54,0,0,76,0,24,24,0
106.09,1,47,0,0,0,0,80,47,0,0,77,0,16,25,50
107.86,1,61,0,0,0,31,85,40,0,0,76,0,34,62,51
107.89,-1,39,0,0,43,49,92,66,100,0,74,0,35,65,0
107.15,-1,56,79,0,0,0,70,67,0,0,77,0,41,74,50
106.69,-1,65,80,0,83,61,72,63,0,0,77,0,33,61,50
105.47,1,47,0,0,83,31,70,44,0,0,77,0,17,62,76
105.84,-1,57,0,0,42,47,73,64,0,0,75,0,0,50,0
105.31,1,25,84,0,0,65,74,71,0,0,73,0,35,52,52
105.71,1,42,0,0,41,31,68,43,0,0,78,0,33,24,0
106.24,1,28,0,0,42,31,70,55,48,0,77,0,16,61,0
107.61,1,66,0,0,0,31,74,40,0,0,77,0,17,100,0
104.46,1,63,0,0,0,32,75,65,0,0,77,0,34,89,0
104.97,-1,39,0,0,0,33,79,58,0,0,71,0,69,78,0
103.91,-1,56,0,0,0,31,74,47,47,0,80,0,65,37,50
103.98,1,52,0,0,0,0,75,64,0,0,76,0,34,25,51
104.78,-1,46,0,0,46,0,74,78,51,0,76,0,18,54,56
105.04,1,77,0,0,0,31,74,65,0,0,83,0,50,63,0
106.96,1,71,0,0,0,33,86,85,0,0,100,0,35,80,0
107.63,1,52,0,0,0,0,78,52,0,0,93,0,25,50,0
107.61,1,42,0,0,41,0,72,87,0,0,89,0,16,25,0
108.03,1,38,0,0,0,31,78,68,48,0,89,0,17,25,0
108.11,1,49,0,0,0,64,71,49,0,0,85,0,17,51,52
110.08,1,40,0,0,0,33,75,59,0,0,88,0,18,79,0
109.99,1,68,0,0,0,0,67,45,41,0,84,0,100,36,66
110.32,1,88,0,0,59,40,75,34,0,0,93,0,33,49,33
110.4,1,52,0,0,39,53,74,41,0,0,81,0,66,40,66
111.21,-1,78,0,0,40,27,75,32,0,0,100,0,85,66,0
111.16,1,47,0,0,41,28,75,24,0,0,80,0,53,65,0
111.13,1,57,82,0,40,27,73,23,0,0,73,0,34,25,34
112.11,-1,53,79,0,38,52,67,29,0,0,72,0,0,48,32
111.59,-1,55,79,0,39,26,67,38,0,0,73,90,66,48,0
110.06,1,57,0,0,39,27,79,39,0,0,70,0,34,73,0
109.86,1,50,84,0,82,28,89,36,0,0,67,0,70,26,35
111.15,1,35,78,0,0,26,85,33,0,0,71,0,65,36,33
111.04,1,67,0,0,39,0,98,61,0,0,72,0,66,32,33
111.34,1,33,81,0,40,27,85,62,0,0,68,0,51,74,0
110.79,-1,25,0,0,41,0,80,60,0,0,67,0,70,51,0
110.7,-1,60,0,0,39,26,80,47,0,0,69,0,66,97,33
110.65,-1,40,0,0,39,0,79,36,0,0,71,90,66,40,0
109.8,-1,52,80,0,0,0,75,36,0,0,69,0,33,36,33
108.46,1,53,0,0,40,0,74,39,0,0,71,0,0,37,33
109.38,1,67,0,0,0,28,78,36,0,0,65,0,52,42,35
111.41,-1,71,79,0,39,0,67,47,40,0,72,0,33,60,0
109.9,1,74,0,0,0,26,69,44,40,0,72,0,98,60,32
110.99,-1,44,0,0,0,0,78,43,0,0,71,0,66,65,0
108.95,1,61,80,0,0,0,80,69,0,0,71,0,33,33,0
111.3,-1,57,84,0,0,28,78,41,0,0,66,0,36,52,0
111.85,1,100,0,0,0,0,73,39,0,0,73,0,33,49,0
112.07,1,73,0,0,39,0,66,44,0,0,72,0,34,74,0
112.96,-1,60,81,0,39,27,73,50,0,0,71,0,33,61,33
110.71,-1,78,0,0,40,0,68,26,0,0,68,0,68,33,34
109.5,1,60,0,0,42,0,77,27,0,0,66,0,71,26,35
108.78,-1,52,0,0,40,0,63,39,0,99,71,0,67,49,0
108.2,1,24,0,0,0,40,65,29,0,0,70,0,66,65,0
109.07,1,65,81,0,40,0,72,48,0,0,71,0,33,41,0
110.54,-1,49,0,0,60,27,70,30,0,0,69,0,34,62,0
109.86,-1,47,0,0,41,28,64,26,0,0,66,0,36,39,0
108.37,1,61,0,0,0,53,64,41,41,0,67,0,68,25,66
109.05,-1,69,0,0,0,27,67,32,0,0,71,0,68,49,0
108.28,1,45,82,0,40,0,66,40,0,0,69,0,69,50,34
110.37,1,44,0,0,86,29,62,28,0,0,64,0,56,27,0
112.0,1,29,81,0,40,27,69,39,0,100,71,0,34,62,0
113.09,1,53,0,0,40,0,63,37,0,0,74,0,68,50,34
113.38,1,66,0,0,40,28,70,33,0,0,72,0,0,38,35
114.36,1,63,84,0,0,28,64,35,0,0,70,0,69,68,34
114.57,1,83,0,0,43,29,72,44,0,0,69,100,36,70,36
115.14,-1,74,0,0,0,0,71,33,0,0,70,0,34,37,0
114.99,-1,49,0,0,0,0,67,21,42,0,72,93,0,41,33
114.97,-1,83,0,0,0,0,65,38,0,0,70,0,52,38,69
114.61,1,51,0,0,0,83,71,43,43,0,71,0,53,77,35
115.34,1,44,0,0,0,0,68,27,0,0,68,0,36,93,0
116.0,1,57,82,0,40,27,68,30,0,100,71,0,0,41,100
116.44,1,73,0,0,0,27,69,44,0,0,71,0,0,49,33
117.07,-1,53,82,0,40,0,63,28,42,0,72,0,0,33,0
115.3,1,84,0,0,41,0,70,57,0,0,70,0,35,59,0
116.17,1,56,0,0,42,28,65,30,44,0,67,99,36,79,0
116.41,1,41,0,0,0,0,62,28,0,0,73,0,34,37,0
116.9,-1,73,0,0,0,80,63,37,42,0,71,0,0,73,0
117.13,1,54,0,0,40,27,68,28,43,0,73,0,34,84,34
118.38,1,46,0,0,0,56,61,33,0,0,70,0,35,38,0
117.98,1,35,0,0,43,29,66,32,0,0,68,100,36,93,0
118.17,-1,66,0,0,41,0,64,26,0,0,71,0,0,100,34
117.82,-1,87,0,0,41,27,66,37,0,0,71,0,34,75,34
117.3,1,62,83,0,0,28,63,57,43,0,71,0,0,42,0
118.27,1,81,85,0,0,28,69,44,0,0,71,0,36,43,35
118.73,-1,53,87,0,43,43,64,42,44,0,69,0,37,62,0
118.0,1,68,0,0,36,52,71,69,86,0,96,88,0,100,42
118.52,1,47,0,0,36,51,80,46,0,0,97,0,57,30,0
118.9,-1,78,0,0,37,35,75,70,0,0,97,0,29,27,43
116.92,-1,64,0,0,38,0,81,57,0,0,96,0,93,56,45
115.68,1,59,93,0,38,37,81,41,0,0,92,0,0,42,0
115.83,-1,51,88,0,0,34,75,50,0,0,94,0,0,53,0
115.52,-1,55,0,0,0,34,73,61,0,0,94,89,72,20,0
114.79,-1,42,0,0,0,68,74,61,86,0,94,0,43,46,42
113.61,1,43,0,0,36,0,88,66,0,0,94,0,0,40,0
114.76,-1,45,92,0,38,36,87,28,0,0,91,0,30,62,44
114.38,-1,78,85,0,0,66,77,67,0,0,94,0,56,19,41
113.41,-1,65,0,0,51,65,76,73,0,0,94,0,83,19,40
112.51,1,86,0,0,35,100,70,52,0,0,96,86,28,19,41
112.87,1,37,0,0,0,50,76,38,0,0,94,0,28,39,0
113.61,-1,52,0,0,0,35,82,51,0,0,90,0,30,71,0
114.57,-1,69,0,0,0,66,72,55,0,0,98,0,27,44,41
113.08,1,78,84,0,34,66,73,52,0,0,98,0,28,29,0
114.35,1,58,0,0,0,33,73,64,0,0,97,0,28,19,0
115.09,-1,60,0,0,72,0,79,58,0,0,93,0,0,67,0
115.63,1,32,0,0,51,33,66,29,0,0,98,0,27,0,40
117.31,1,64,0,0,0,96,76,97,0,0,100,83,54,62,39
117.63,1,100,0,0,34,32,77,43,0,0,99,0,27,37,39
118.8,-1,32,0,0,34,33,82,51,0,0,98,0,27,44,40
118.49,1,80,0,0,0,34,75,61,0,0,90,88,0,49,0
119.79,-1,36,0,0,34,48,73,40,0,0,98,0,27,56,39
119.07,1,72,83,0,34,32,81,54,0,0,100,0,0,37,40
120.25,1,77,0,0,34,0,74,51,0,0,95,0,27,56,40
121.15,1,61,0,0,0,32,76,74,0,0,95,0,28,32,0
121.5,-1,47,0,0,36,51,78,38,0,0,89,0,0,49,0
120.43,1,57,83,0,34,65,78,58,0,0,98,0,27,44,0
121.24,-1,77,0,0,33,33,76,29,0,0,98,0,0,69,39
120.89,-1,93,0,0,34,33,78,48,0,0,97,0,28,38,0
120.6,1,74,0,0,0,50,70,56,84,0,94,0,28,38,41
119.97,1,51,89,0,0,0,82,50,87,0,91,0,58,33,42
119.39,1,95,0,0,33,32,73,32,80,0,95,0,27,37,39
119.69,-1,83,0,0,33,64,72,46,0,0,95,0,27,30,0
119.13,1,72,0,0,0,32,76,40,0,0,93,0,27,19,39
118.71,-1,65,0,0,34,0,77,77,0,0,92,0,27,28,0
118.37,1,63,0,0,35,0,74,64,0,0,88,0,29,26,42
118.56,1,56,0,0,0,0,72,65,0,0,97,0,0,46,0
118.72,-1,67,0,0,100,0,73,64,0,0,97,83,27,43,39
117.27,1,68,0,0,34,33,77,65,0,0,97,0,27,47,40
118.6,1,73,84,0,68,33,70,28,0,0,96,0,28,66,40
119.16,1,38,0,0,35,0,67,34,0,0,88,0,29,33,0
120.26,1,69,0,100,34,0,69,59,0,0,92,0,28,38,0
121.28,-1,56,0,0,34,32,65,51,0,0,92,0,0,57,40
120.86,1,53,0,0,34,33,69,51,0,0,93,0,27,38,40
120.74,1,49,85,0,46,33,70,22,0,0,97,0,0,57,0
122.87,-1,63,0,0,0,34,68,57,0,0,89,0,29,52,42
122.79,1,94,81,0,33,32,66,64,0,0,96,0,53,30,0
123.36,1,94,0,0,0,31,69,74,0,0,96,0,27,45,39
123.43,-1,47,81,0,33,32,70,60,0,0,95,0,40,79,39
122.96,1,44,82,0,0,0,77,61,0,0,95,0,27,43,0
123.05,1,41,0,0,0,67,78,30,0,0,89,0,56,26,0
124.13,1,62,0,0,33,47,72,42,0,0,94,0,53,18,0
125.08,1,47,0,0,0,31,72,46,0,0,95,0,26,73,39
125.57,-1,79,82,0,0,0,73,32,0,0,96,0,27,31,39
124.97,1,37,0,0,34,49,73,59,83,0,92,0,55,47,40
126.76,-1,43,0,0,0,0,75,43,0,0,84,0,0,50,43
125.98,1,67,81,0,0,63,70,36,0,0,96,0,80,55,39
125.75,1,51,0,0,0,79,81,39,0,0,95,0,53,36,39
126.46,1,66,0,0,0,63,80,42,0,0,98,81,80,73,58
127.15,-1,60,0,0,56,64,72,43,0,0,97,0,54,37,0
126.03,1,87,0,0,35,33,74,48,0,0,91,0,56,38,0
127.54,1,76,50,0,28,63,50,30,0,0,95,0,37,82,0
128.15,1,93,0,0,37,21,48,41,0,0,96,0,30,36,0
127.86,1,71,50,0,28,21,52,71,54,0,97,0,29,36,0
128.97,1,72,0,0,29,32,50,54,0,0,95,0,15,55,36
129.15,1,57,53,0,30,44,49,69,57,0,90,0,32,39,0
129.91,1,62,0,0,28,41,46,41,0,0,98,0,29,30,35
130.02,1,62,0,0,28,41,49,58,0,0,97,0,29,72,70
129.5,-1,80,50,0,28,21,48,41,0,0,99,0,29,42,70
129.69,1,54,0,0,28,21,47,41,53,0,96,0,22,42,36
130.36,1,46,0,0,43,22,55,43,0,0,90,0,15,50,36
131.8,-1,82,49,0,0,41,49,46,0,0,95,0,36,47,0
131.45,1,83,50,0,28,20,47,35,0,0,96,0,22,30,0
132.63,1,89,75,0,28,21,53,29,0,0,92,0,44,24,0
133.51,0,24,0,0,30,23,52,44,0,0,93,0,16,19,0
131.67,-1,86,48,0,0,20,51,23,51,0,97,83,14,58,34
126.06,1,83,0,0,28,0,52,46,0,0,98,0,29,53,0
125.95,1,75,0,0,0,31,52,29,0,0,97,0,0,65,0
126.4,1,36,0,0,0,42,49,47,53,0,95,0,22,48,0
128.19,1,55,0,0,29,21,51,43,0,0,91,0,46,56,0
128.5,1,83,0,0,28,42,50,29,0,0,97,84,14,36,69
128.06,-1,79,0,0,0,41,47,52,52,0,96,0,15,36,35
128.74,-1,80,0,0,0,21,50,41,0,0,94,0,15,24,0
126.63,-1,55,0,0,0,43,49,54,54,0,92,0,53,18,0
127.03,-1,47,0,0,59,0,51,69,0,0,86,0,32,32,38
126.8,1,36,0,0,0,21,49,53,53,0,93,0,15,30,0
130.42,1,54,0,0,0,32,50,72,0,0,94,0,15,73,36
131.48,1,69,0,0,0,21,50,61,55,0,91,0,23,62,36
135.06,1,89,0,0,29,44,50,19,0,0,87,0,16,69,37
136.78,-1,74,0,0,31,23,52,39,58,0,81,0,49,66,39
137.1,-1,35,0,0,31,23,51,52,0,0,77,0,0,61,0
137.23,-1,33,0,0,0,0,51,73,0,0,69,0,18,30,0
137.3,1,25,0,0,32,24,54,40,0,0,79,0,17,62,40
138.78,1,44,56,0,0,46,50,59,0,0,81,94,17,100,0
139.08,1,44,0,0,30,23,49,51,0,0,81,93,32,52,39
140.0,1,86,61,0,51,51,53,57,0,0,71,0,53,58,43
138.05,1,51,0,0,29,33,51,37,0,0,88,0,16,38,37
138.37,1,41,0,0,29,43,54,61,55,0,83,0,38,56,37
138.75,-1,31,0,0,28,21,52,53,53,0,92,0,15,36,0
137.45,1,52,0,0,100,20,52,69,51,0,93,0,43,59,0
137.48,-1,65,0,0,41,41,51,69,52,0,95,0,15,41,0
137.02,-1,48,0,0,55,0,53,52,0,0,95,0,29,53,0
136.95,-1,59,0,0,47,32,49,53,54,0,92,0,45,27,0
135.81,-1,68,0,0,54,20,51,45,0,0,96,0,100,29,34
135.11,1,30,0,0,72,0,49,40,0,0,98,0,21,35,34
137.77,1,77,0,0,27,40,48,45,52,0,96,0,28,61,0
137.74,1,56,0,0,27,0,55,57,0,0,97,82,36,44,34
137.98,-1,49,100,0,37,21,56,82,0,0,92,0,15,66,71
138.45,-1,84,47,0,26,0,52,61,0,0,98,80,14,51,34
137.35,-1,72,48,0,0,20,63,17,0,0,100,0,43,57,100
135.64,-1,52,48,0,27,60,67,34,0,0,97,0,29,41,0
133.73,-1,66,49,0,28,31,75,81,52,0,92,0,73,42,0
130.02,-1,100,0,0,26,0,75,50,50,0,97,80,42,51,0
129.43,1,67,47,0,79,39,68,89,0,0,97,0,28,62,33
130.1,1,55,48,0,0,20,71,56,0,0,99,0,42,75,34
129.96,-1,82,49,0,81,20,77,63,0,0,100,0,22,58,35
126.6,1,58,50,0,28,21,81,100,0,0,92,0,30,48,0
128.22,-1,63,0,0,0,79,67,56,0,0,99,0,35,51,0
126.09,1,67,47,0,79,20,68,67,100,0,99,0,28,40,50
128.01,-1,85,48,0,27,20,68,45,51,0,98,0,28,60,34
127.6,1,87,65,0,0,27,63,77,69,0,100,0,29,31,0
129.57,1,67,0,0,30,0,62,38,0,0,94,0,32,39,0
129.65,1,67,50,0,65,33,44,55,0,0,88,0,8,21,0
129.7,1,63,0,0,33,33,48,33,46,0,89,0,13,32,39
130.34,1,67,50,0,33,66,45,38,0,0,87,0,18,37,39
129.29,1,64,0,0,33,0,48,42,0,0,86,0,14,19,0
129.77,1,28,0,0,35,0,47,33,0,0,78,0,13,40,0
132.31,-1,93,50,0,33,49,47,26,0,0,88,0,3,28,39
131.33,-1,49,0,0,50,50,46,29,0,0,88,100,9,38,0
130.65,1,65,0,0,0,0,49,32,0,0,89,0,5,29,60
131.56,1,55,53,0,35,35,50,23,0,0,86,0,14,25,0
131.89,1,71,50,0,0,33,47,13,0,0,87,0,10,23,0
132.27,1,75,0,0,0,33,49,33,0,0,91,0,10,42,0
133.13,-1,82,0,0,0,33,50,33,0,0,88,0,9,42,0
132.63,1,61,0,0,33,100,45,27,0,0,86,0,6,28,39
134.19,1,44,0,0,0,53,51,26,0,0,85,0,11,39,0
133.07,-1,53,0,0,33,34,50,31,0,0,84,100,11,28,0
131.92,1,62,52,0,34,34,52,20,0,0,88,0,18,53,40
132.66,1,49,0,0,66,34,49,16,0,0,90,0,18,14,40
134.37,-1,54,0,0,0,68,52,29,48,0,89,0,10,14,0
134.88,-1,44,0,0,0,35,50,28,0,0,82,0,11,35,42
133.98,-1,68,0,0,0,33,47,29,0,0,86,0,16,24,0
133.73,-1,64,0,0,0,0,50,31,0,0,87,0,25,28,39
132.07,1,98,0,0,33,33,53,31,0,0,89,0,15,61,39
133.19,-1,69,0,0,66,34,65,29,0,0,89,0,11,33,40
130.08,-1,59,0,0,35,35,65,59,0,0,81,0,20,30,0
130.66,1,68,0,0,33,0,61,49,47,0,87,0,18,38,40
132.49,1,75,50,0,33,33,60,44,0,0,87,0,23,49,39
132.75,-1,98,0,0,33,33,59,33,0,0,91,0,25,28,39
131.15,1,61,0,0,0,34,65,38,0,0,88,0,20,48,40
133.58,-1,59,53,0,0,0,71,56,100,0,80,0,40,49,42
133.32,-1,56,0,0,32,33,63,39,47,0,89,0,23,14,0
133.66,1,66,49,0,32,97,61,50,93,0,88,0,35,32,0
134.66,-1,37,50,0,49,33,68,48,0,0,91,0,31,42,0
132.82,1,65,0,0,33,34,67,76,0,0,88,0,23,14,40
133.58,1,75,0,0,0,35,78,58,0,0,83,0,36,15,41
134.61,1,41,50,0,0,33,65,62,0,0,87,0,18,63,0
135.88,1,71,50,0,0,98,66,42,0,0,87,0,30,37,39
135.99,1,65,0,0,67,34,67,52,0,0,89,0,23,33,40
136.22,-1,53,0,0,33,67,70,58,0,0,89,0,45,71,0
136.9,-1,51,53,0,0,35,79,63,49,0,81,0,44,64,41
135.81,-1,60,50,0,32,33,70,55,47,0,91,0,42,32,39
134.44,1,63,0,0,32,0,70,44,46,0,89,0,29,19,39
135.0,1,72,0,0,0,33,71,62,0,0,90,0,24,28,40
135.73,-1,81,0,0,0,0,78,52,0,0,88,0,43,43,40
133.37,-1,60,0,0,35,35,80,88,0,0,84,0,38,22,42
133.45,-1,50,51,0,50,34,71,63,0,0,88,0,48,21,0
133.27,1,84,0,0,66,0,74,52,48,0,89,0,42,21,0
135.17,1,78,0,0,0,69,79,59,97,0,89,0,36,48,40
137.3,1,73,54,0,0,35,79,81,0,0,84,0,65,25,42
137.25,1,69,0,0,35,0,87,77,0,0,83,0,61,30,42
138.5,1,71,49,0,32,65,73,49,0,0,89,99,37,28,39
138.81,-1,49,51,0,33,50,77,71,47,0,90,0,46,38,0
136.38,1,100,52,0,100,34,83,64,0,0,88,0,45,53,40
136.5,1,48,53,0,0,71,91,64,0,0,88,0,50,45,42
137.43,-1,93,50,0,33,33,79,48,46,0,91,0,54,46,58
137.87,-1,56,50,0,32,66,83,55,0,0,91,0,68,32,39
137.63,1,61,0,0,33,0,75,38,0,0,88,0,64,57,0
139.5,1,54,0,0,0,0,87,76,0,0,86,0,62,42,44
141.63,-1,69,0,0,0,36,88,98,0,0,84,0,90,40,42
139.14,1,42,0,0,33,34,75,52,48,0,92,0,51,28,40
140.28,-1,75,100,0,33,33,85,73,47,0,96,0,71,33,0
139.98,1,52,0,0,0,33,78,51,47,0,93,0,63,33,39
140.88,-1,61,51,0,0,0,86,79,48,0,96,0,93,29,40
140.56,1,48,0,0,0,69,89,77,50,0,100,0,95,49,0
141.78,1,56,0,100,0,17,51,50,0,0,97,0,20,82,36
143.0,-1,34,41,0,24,17,54,48,31,0,100,72,28,16,0
142.48,-1,26,0,0,0,18,52,39,31,0,94,0,29,50,36
141.56,-1,31,0,0,0,36,56,43,0,0,95,0,30,25,75
140.93,1,40,0,0,25,18,56,51,32,0,90,75,38,78,0
140.07,1,26,0,0,24,27,50,40,46,0,98,73,38,42,0
141.6,-1,30,41,0,47,35,48,43,31,0,96,0,35,66,0
139.77,1,38,0,0,0,58,51,27,0,0,90,0,22,54,0
140.71,-1,43,46,0,0,0,53,38,0,0,99,0,36,28,41
140.23,1,74,0,0,0,62,52,42,0,0,87,0,29,48,0
141.5,-1,47,0,0,0,77,52,31,0,0,84,0,23,36,0
141.81,-1,47,0,0,0,29,53,22,0,0,85,0,27,54,40
141.5,1,54,0,0,27,100,54,9,0,0,80,0,42,56,41
142.11,1,30,48,0,0,62,60,55,0,0,78,0,49,39,0
142.27,1,38,45,0,0,20,57,43,0,0,83,0,64,74,80
142.08,1,66,0,0,0,0,54,29,0,0,84,0,35,36,0
142.91,-1,47,91,0,26,39,54,49,33,0,85,0,25,55,40
142.76,1,39,0,0,27,20,55,32,0,0,86,0,27,47,41
143.99,1,26,98,0,0,63,58,34,36,0,79,0,34,69,0
144.64,1,78,0,0,0,30,56,39,0,0,83,0,37,75,0
144.97,0,39,0,0,27,20,55,46,0,0,88,0,31,57,42
144.66,-1,63,0,0,0,20,53,54,0,0,91,0,25,56,0
144.95,-1,34,0,0,27,30,56,37,35,0,96,0,40,56,83
143.19,1,35,48,0,0,0,53,45,0,0,89,0,33,78,0
142.93,1,24,0,0,26,59,57,45,0,0,90,80,47,37,0
143.01,1,14,46,0,26,30,57,45,34,0,91,0,29,37,40
143.93,1,58,0,0,27,30,53,50,34,0,90,0,19,47,41
144.53,-1,35,47,0,27,21,55,54,0,0,89,0,30,19,0
144.54,1,26,49,0,56,21,59,56,36,0,82,0,45,79,0
145.1,-1,49,93,0,54,0,58,41,0,0,92,82,33,56,0
143.71,-1,39,46,0,0,0,56,36,0,0,93,0,30,28,0
143.0,1,53,0,0,27,0,61,34,0,0,93,0,38,56,0
143.75,-1,34,0,0,54,40,56,35,0,0,91,0,36,19,42
143.17,1,47,0,0,29,21,58,58,0,0,85,0,40,40,0
143.92,-1,49,47,0,27,20,52,32,0,0,92,81,28,47,41
143.41,1,34,70,0,0,40,55,46,35,0,91,0,30,38,41
144.23,1,64,0,0,0,31,57,44,0,0,91,0,44,67,0
145.25,1,41,49,0,56,0,64,33,36,0,86,0,40,59,43
145.48,-1,78,46,0,0,20,54,41,69,0,88,0,30,56,41
145.22,-1,38,46,0,0,30,58,30,34,0,93,0,33,19,41
144.78,-1,49,47,0,27,30,50,34,35,0,89,0,26,66,41
143.5,1,49,47,0,27,41,61,35,35,0,87,0,43,19,62
144.14,1,36,0,0,0,21,66,46,36,0,77,0,36,20,0
144.99,1,49,0,0,0,20,60,43,35,0,87,0,42,75,41
145.0,1,29,46,0,0,0,60,41,35,0,83,0,29,37,41
145.28,1,60,0,0,0,0,58,45,0,0,82,0,32,39,42
145.33,-1,40,71,0,0,41,68,40,0,0,82,0,37,57,42
143.83,1,62,0,0,28,21,72,24,0,0,77,0,46,40,0
144.66,-1,29,47,0,26,20,70,62,68,0,81,0,53,56,41
144.89,1,39,47,0,0,0,68,64,34,0,84,0,47,28,0
145.34,-1,20,48,0,0,21,64,40,0,0,84,0,40,48,42
145.51,-1,50,0,0,27,31,64,28,0,0,82,0,33,48,42
145.66,-1,47,0,0,0,0,58,34,0,0,79,0,18,20,44
144.92,1,25,47,0,27,0,47,42,35,0,82,0,11,57,84
145.22,-1,64,0,0,27,20,47,44,0,0,81,0,11,48,41
144.26,-1,35,0,0,0,20,47,46,35,0,84,0,8,77,0
143.33,-1,35,47,0,0,81,50,37,0,0,82,84,10,38,42
140.15,-1,46,49,0,0,0,51,51,0,0,78,0,15,80,0
140.15,1,49,47,0,0,20,68,41,35,0,80,0,52,57,83
140.62,-1,58,94,0,0,0,73,48,0,0,83,82,54,38,41
139.14,1,49,47,0,54,0,95,62,0,0,85,0,79,47,0
140.05,-1,42,68,0,39,29,100,100,100,0,86,0,92,82,0
139.3,1,21,100,0,0,22,87,49,0,0,79,0,56,100,0
140.93,-1,55,44,0,0,54,100,87,73,0,91,0,69,26,0
140.62,1,42,44,0,35,26,100,85,71,0,90,0,86,59,0
141.35,1,37,41,0,35,53,92,63,72,0,91,0,80,17,0
142.0,1,25,48,0,36,27,92,100,0,0,90,0,75,26,16
142.81,-1,26,45,0,39,48,94,100,79,0,84,0,100,65,0
142.75,1,61,35,0,0,40,83,78,0,0,94,0,72,34,31
144.47,-1,30,70,0,35,0,81,77,0,0,94,0,87,42,26
143.86,1,73,18,0,36,27,82,49,0,0,93,0,61,17,31
144.78,-1,67,23,0,0,27,76,68,71,0,91,0,60,17,23
144.5,-1,70,37,0,0,28,89,59,0,0,89,0,51,53,40
144.66,1,42,17,0,0,65,76,59,0,0,91,0,54,50,30
145.0,-1,36,17,0,0,25,73,78,0,0,97,0,34,41,15
144.43,-1,76,23,0,35,39,69,76,0,0,97,0,43,25,0
143.32,1,84,26,0,35,35,67,54,71,0,93,0,42,25,0
144.06,-1,63,36,0,0,28,70,77,0,0,88,0,56,35,16
143.3,1,69,17,0,0,50,60,66,69,0,97,0,39,24,15
144.47,-1,70,23,0,0,68,62,41,69,0,100,0,30,33,25
144.21,-1,59,34,0,0,26,58,60,0,0,99,85,30,33,29
143.64,1,80,44,0,35,27,57,55,72,0,93,0,35,34,36
144.41,1,40,22,0,0,25,57,55,69,0,99,0,38,41,20
144.7,-1,51,33,0,33,41,58,43,0,0,100,81,57,48,24
144.63,1,52,17,0,0,38,55,60,0,0,100,84,39,24,44
143.99,1,52,17,0,34,0,54,55,69,0,98,0,39,24,34
144.45,-1,54,18,0,35,53,56,43,0,0,93,0,37,68,51
144.17,1,69,22,0,33,38,55,54,0,0,100,0,32,48,49
143.8,1,63,33,0,33,100,55,49,0,0,98,0,39,48,53
144.92,1,92,25,0,33,25,49,43,0,0,97,0,37,24,22
145.7,1,41,17,0,34,0,51,33,0,0,96,0,43,24,44
147.42,-1,48,18,0,35,40,52,77,0,0,91,0,40,51,0
146.92,-1,57,33,0,33,37,50,51,0,0,99,0,41,32,29
145.23,-1,63,33,0,33,25,56,67,0,0,96,0,62,32,63
144.17,1,63,42,0,34,25,54,79,0,0,98,0,64,49,73
144.41,-1,76,17,0,0,51,56,38,0,0,95,0,55,65,74
142.52,-1,42,23,100,35,53,52,74,72,0,89,0,35,42,61
140.94,1,63,25,0,0,0,45,49,68,100,96,0,43,48,43
142.5,-1,63,0,0,0,0,50,35,0,0,95,0,38,24,53
141.16,-1,69,17,0,33,25,52,71,0,0,93,0,50,40,49
138.57,1,70,0,0,34,34,43,39,0,0,92,0,39,25,35
139.33,1,50,0,0,0,27,53,47,0,0,86,0,49,35,26
140.55,-1,52,17,0,100,50,48,24,69,0,94,84,27,32,43
138.82,-1,74,17,0,33,25,49,43,0,0,96,0,37,32,58
138.25,1,69,33,0,33,25,47,35,0,0,96,0,34,16,48
141.15,-1,58,0,0,33,50,48,46,68,0,93,0,42,0,39
139.33,-1,24,17,0,52,0,49,40,71,0,88,0,23,25,40
134.26,-1,57,41,94,33,25,45,43,0,0,94,0,50,32,43
133.65,1,56,16,0,65,24,48,42,0,0,99,0,36,47,33
132.56,1,74,0,0,0,49,48,40,66,0,95,0,29,55,67
133.42,1,45,0,0,33,25,46,48,68,0,95,0,30,16,34
135.75,1,41,0,0,0,78,47,53,70,0,89,0,29,41,35
137.15,1,90,16,0,65,25,41,42,0,0,95,0,17,79,36
138.4,1,67,16,0,0,24,48,34,0,0,95,0,39,39,57
140.9,-1,62,16,0,0,25,45,43,0,0,93,0,67,16,100
141.92,1,81,17,0,0,50,49,46,68,0,92,0,45,73,44
145.0,1,42,34,0,0,26,48,59,0,0,86,0,44,100,40
148.09,1,45,16,0,0,24,44,40,0,0,95,0,42,31,94
149.83,1,100,16,0,0,73,45,26,0,0,96,0,37,86,56
151.39,-1,74,0,0,33,25,47,29,0,0,93,0,34,32,48
150.49,1,40,0,0,33,25,48,32,0,0,92,0,33,32,58
153.83,-1,18,17,0,0,53,48,26,0,0,85,0,27,51,61
153.14,1,56,0,0,0,25,41,40,100,0,95,0,23,24,52
153.92,1,55,16,0,0,36,46,24,0,0,97,0,26,39,42
155.68,1,78,16,0,0,24,42,34,66,0,98,0,20,23,49
155.69,1,72,16,0,33,33,46,58,0,0,95,0,31,24,14
156.15,1,41,34,0,0,51,40,25,0,0,91,0,17,33,25
156.25,1,60,0,100,0,71,76,91,0,0,97,0,50,35,35
157.95,-1,80,0,0,0,0,85,81,0,0,97,0,56,49,59
156.65,1,55,0,0,68,36,76,61,0,0,97,0,46,63,70
158.0,1,90,0,0,0,35,78,55,0,0,95,0,48,84,58
158.53,1,57,41,0,0,37,75,53,0,0,89,0,48,51,85
158.09,1,69,0,0,0,71,74,61,0,0,99,0,52,49,46
158.88,1,96,43,0,0,57,72,35,0,0,100,0,41,67,75
159.33,-1,82,41,0,0,73,76,33,0,0,97,0,33,94,72
158.19,1,55,0,0,0,36,76,62,0,0,93,0,36,49,35
160.31,-1,47,83,0,0,74,73,37,83,0,90,0,34,37,37
160.16,-1,54,0,0,33,35,73,70,0,0,98,0,31,72,80
159.0,-1,44,59,97,0,35,74,45,0,0,97,0,47,51,46
157.97,1,75,0,0,34,71,78,52,0,0,93,0,40,49,23
159.58,1,37,0,0,36,0,78,64,0,0,91,0,42,44,49
158.35,-1,29,0,0,0,0,68,44,0,0,99,0,48,61,34
158.78,1,97,0,96,0,35,70,41,78,0,96,0,33,51,68
161.1,1,50,59,0,0,35,77,35,0,0,98,0,50,63,70
162.0,1,85,40,0,34,36,77,52,0,0,96,96,44,91,47
162.4,-1,68,0,0,0,37,77,50,0,0,89,0,48,33,24
162.1,-1,50,0,0,34,36,70,49,0,0,98,0,73,74,35
159.89,1,99,39,0,0,0,76,48,0,0,100,0,47,62,35
160.71,-1,85,0,0,34,36,75,65,0,0,97,0,46,35,35
159.18,-1,81,40,0,0,72,75,52,0,0,96,0,55,64,47
158.56,-1,48,85,0,36,0,80,51,85,0,89,0,51,44,24
158.12,-1,45,0,0,33,0,72,55,0,0,92,0,52,31,35
157.26,1,100,40,0,0,0,70,42,0,0,93,0,58,42,23
159.29,1,87,41,0,0,36,79,36,82,0,92,0,43,43,84
162.4,1,78,42,0,35,37,75,54,0,0,92,100,61,55,74
164.78,1,49,87,0,0,39,78,64,87,0,82,0,79,77,77
166.22,1,37,43,0,0,38,75,38,0,0,84,0,58,52,75
168.02,-1,25,0,0,0,40,81,50,0,0,79,0,71,85,65
166.17,1,31,49,0,0,0,80,60,0,0,69,0,42,52,29
167.34,-1,36,47,0,81,0,81,46,0,0,79,0,59,50,42
166.3,1,80,0,0,36,0,76,38,85,0,87,0,51,22,50
166.55,-1,16,44,0,0,58,79,81,0,0,83,0,54,57,38
166.0,-1,54,0,0,0,43,81,63,0,0,69,0,53,51,28
164.71,-1,55,0,0,0,59,77,43,0,0,83,0,49,85,51
163.0,-1,30,59,0,100,70,79,41,0,0,89,0,45,41,69
160.82,-1,69,39,0,34,35,73,45,0,0,92,0,42,42,35
159.9,-1,92,0,0,49,0,77,50,77,0,93,0,37,94,23
160.65,1,82,0,0,33,34,78,47,78,0,91,0,62,61,91
163.85,-1,75,40,0,51,36,77,55,0,0,88,0,66,56,35
162.39,-1,62,38,0,64,34,78,74,0,0,93,0,75,54,44
162.23,-1,57,57,0,32,51,80,52,0,0,93,0,65,100,67
159.04,1,38,38,0,33,0,82,53,0,0,93,0,77,90,22
160.89,-1,92,39,0,66,69,78,75,0,0,97,0,56,34,68
159.86,1,82,0,0,34,0,77,22,0,0,90,0,34,55,69
162.72,-1,66,38,0,32,0,76,37,0,0,98,0,42,60,22
161.66,1,57,38,92,32,34,79,33,76,0,97,0,51,53,87
163.26,1,95,38,0,32,34,80,49,0,0,96,0,71,93,22
165.75,-1,89,40,0,34,0,81,64,0,0,93,0,61,28,35
163.62,1,61,0,0,64,67,79,46,0,0,95,0,51,39,44
162.31,1,47,0,0,0,100,81,79,75,0,99,0,51,72,76
164.61,-1,99,37,0,32,34,76,67,0,0,100,0,43,46,33
164.07,1,52,76,0,32,0,85,43,0,0,98,0,57,70,22
164.75,-1,59,79,0,50,0,84,48,0,0,91,0,63,48,68
162.12,1,63,0,0,0,33,83,52,0,100,97,0,56,46,22
165.17,1,89,56,0,0,67,91,42,0,0,99,0,92,98,87
165.78,-1,66,38,0,32,0,86,30,0,0,99,0,53,79,33
165.31,1,86,38,0,65,34,82,43,0,0,98,0,82,66,100
166.23,-1,79,40,0,34,35,95,54,0,0,91,0,97,55,81
164.38,1,37,14,0,33,0,75,54,79,0,85,0,95,26,68
165.4,1,31,0,0,0,25,71,60,0,0,84,0,81,68,34
164.52,-1,42,0,0,34,50,77,61,0,0,83,0,77,43,68
164.93,1,58,14,0,34,50,76,66,0,0,82,85,74,43,52
165.9,1,50,15,0,0,40,75,83,0,0,78,0,97,54,36
165.94,1,49,22,0,35,39,81,71,0,0,83,0,91,47,53
166.34,1,53,14,0,34,51,74,58,0,0,85,0,71,39,17
167.4,-1,48,37,100,34,39,77,62,0,0,84,0,75,26,35
166.74,1,44,0,0,0,27,83,76,0,0,78,0,94,32,45
168.14,1,41,0,0,33,25,71,57,77,0,85,0,77,51,42
168.27,1,89,28,0,33,37,75,60,78,0,85,0,81,38,25
168.97,-1,63,35,0,0,25,77,53,0,0,85,0,91,55,34
168.85,1,74,0,0,34,76,74,69,0,0,85,0,75,26,52
169.66,-1,71,29,0,35,0,73,52,0,0,79,0,81,33,44
168.16,1,57,21,0,55,0,77,53,0,0,85,0,52,51,50
169.57,-1,36,28,0,0,0,80,92,0,0,86,0,85,59,34
168.26,-1,36,28,97,0,25,73,57,0,0,87,0,53,51,68
167.21,1,63,0,0,100,50,79,50,0,0,84,0,52,64,34
166.5,-1,44,15,0,0,27,82,91,0,0,78,0,79,32,36
164.72,1,37,28,0,33,0,75,64,0,0,86,0,64,51,51
164.81,-1,62,0,0,0,75,75,49,0,0,87,0,77,30,17
162.7,-1,53,21,0,50,25,74,46,79,0,89,0,61,21,68
162.59,1,100,29,0,34,25,79,58,0,0,85,0,67,77,43
164.02,-1,54,22,0,52,39,80,56,0,0,80,0,67,44,18
163.58,1,78,49,0,0,25,89,71,0,0,87,0,71,47,25
165.52,-1,37,29,0,68,0,92,43,0,0,86,0,75,21,60
163.16,1,73,21,0,33,75,91,69,78,0,84,0,73,51,34
166.16,-1,36,42,0,33,62,91,50,0,0,83,0,82,34,68
166.09,1,70,15,0,0,77,96,55,0,0,78,0,62,35,26
166.83,-1,21,14,0,33,37,88,53,0,0,86,0,80,89,17
165.58,1,78,14,0,33,62,89,60,0,0,87,0,64,55,50
166.24,-1,61,21,0,48,73,92,73,0,0,83,0,89,19,87
162.0,1,36,41,0,0,43,85,86,0,0,85,0,63,78,29
162.36,1,44,0,0,0,52,92,67,0,0,81,0,47,22,36
164.2,1,57,28,0,0,25,87,50,0,0,84,0,58,60,68
165.41,-1,32,29,0,34,77,94,61,0,0,86,84,97,13,86
164.29,-1,75,15,99,51,0,90,88,0,0,83,0,80,30,17
163.38,-1,50,15,0,0,27,86,84,0,0,81,0,71,32,36
161.66,1,39,15,0,36,53,94,61,0,0,78,0,73,23,55
165.4,1,52,14,0,0,0,84,49,0,0,85,0,59,38,51
166.21,1,53,29,0,0,25,86,61,0,0,86,0,50,39,26
166.25,1,85,14,0,34,51,86,61,0,0,85,0,50,39,26
167.5,-1,44,15,0,0,0,91,76,0,0,82,0,83,34,81
166.76,-1,52,29,0,0,50,95,50,0,0,87,0,78,43,43
165.32,1,73,35,0,0,75,98,39,78,0,87,0,61,21,42
166.72,-1,58,100,0,33,0,100,68,79,0,88,0,61,43,25
165.73,1,58,28,0,33,38,88,100,0,0,88,84,55,51,59
164.53,-1,66,45,0,35,0,84,60,0,0,82,0,28,31,71
163.0,1,42,35,0,0,25,78,68,0,0,88,0,50,34,34
165.65,-1,47,21,0,0,25,75,90,0,0,88,0,45,51,34
163.81,1,62,35,0,0,100,82,89,0,0,90,0,26,30,17
159.54,1,96,36,0,34,51,79,25,0,0,89,0,47,100,35
159.81,-1,71,30,0,0,0,79,52,0,0,82,0,30,54,27
159.48,-1,36,42,0,0,0,77,53,0,0,93,0,40,25,34
157.69,1,73,14,0,33,0,71,42,0,0,92,0,38,46,17
157.42,-1,73,35,0,0,25,76,68,0,0,91,0,53,38,51
156.82,-1,54,15,0,35,52,81,81,0,0,89,0,58,33,26
156.79,1,30,16,0,38,28,81,94,0,0,95,0,43,29,39
158.4,1,47,29,0,33,0,74,43,0,0,100,0,56,30,0
158.86,-1,57,28,0,50,37,73,64,0,0,96,0,41,47,34
157.92,-1,63,21,0,100,50,73,36,79,0,97,84,43,21,17
157.23,1,53,29,0,34,26,71,62,0,0,98,0,39,52,0
160.25,1,78,23,0,35,27,76,68,0,0,89,0,54,20,18
160.26,-1,92,9,0,0,33,84,50,0,0,98,0,56,55,25
158.71,1,79,13,0,0,64,85,66,0,0,100,81,65,82,25
160.43,1,63,35,0,0,33,86,42,0,0,93,0,45,28,32
162.09,1,77,35,0,42,33,82,77,39,0,97,0,24,37,0
163.15,1,92,18,0,43,34,87,100,41,0,77,0,52,67,20
163.0,-1,66,26,0,41,32,76,61,0,0,81,0,44,36,37
163.07,1,58,25,0,41,32,78,73,38,0,81,0,49,63,47
162.42,-1,78,43,0,41,0,79,62,0,0,81,0,65,18,28
161.9,1,55,26,0,0,33,78,67,0,0,80,0,36,46,39
161.99,-1,57,18,0,0,0,88,35,0,0,73,0,42,39,30
160.98,-1,57,34,0,40,32,80,69,0,0,79,0,62,45,37
159.82,1,25,21,0,0,0,76,53,38,0,79,0,28,72,25
160.35,1,62,9,0,83,49,78,91,0,0,79,0,82,55,19
160.44,-1,92,23,0,0,34,100,69,0,0,72,0,52,57,20
159.1,-1,78,43,0,0,32,80,78,0,0,77,0,30,54,25
158.28,1,33,21,0,0,65,78,74,0,0,80,0,35,72,25
159.61,1,62,26,0,0,65,81,58,0,0,77,0,37,27,44
159.51,-1,65,18,0,86,34,82,78,0,0,76,0,44,38,46
157.5,-1,89,50,0,44,0,90,53,0,0,72,0,52,68,0
156.5,1,66,30,0,0,32,79,61,0,0,79,0,25,54,31
156.85,1,41,25,0,0,32,76,62,0,0,80,0,19,18,19
156.95,1,100,34,0,41,33,75,54,38,0,79,0,28,36,57
159.12,1,38,26,0,0,66,81,59,0,0,78,0,45,38,48
159.85,-1,57,18,0,0,35,76,61,0,0,73,0,35,38,40
157.08,-1,53,55,0,0,32,84,37,0,0,77,0,39,27,28
155.49,1,70,38,0,41,48,80,41,0,0,78,0,30,27,19
156.6,1,80,30,0,83,0,74,37,39,0,79,0,38,37,45
157.59,1,77,66,100,63,100,76,55,0,0,77,84,26,83,19
159.36,-1,93,73,0,66,52,73,46,0,0,74,0,27,39,20
159.85,-1,79,39,0,42,33,73,54,39,0,79,0,31,82,25
160.41,-1,96,47,0,83,33,73,74,38,0,80,0,26,64,0
159.68,-1,76,52,0,0,33,77,21,0,0,79,0,38,46,26
157.85,-1,60,40,0,0,33,76,51,0,0,77,0,31,37,19
156.16,1,92,36,0,0,34,75,52,40,0,73,0,25,19,20
155.92,-1,80,35,0,0,33,74,42,39,0,78,0,26,74,29
155.0,-1,76,30,0,0,65,79,88,0,0,77,0,38,64,32
156.13,-1,51,31,0,0,50,79,46,0,0,76,0,100,56,32
156.08,-1,60,49,0,0,33,78,55,0,0,76,85,94,19,39
153.89,1,50,21,0,0,33,69,99,38,0,76,0,28,27,47
155.14,1,54,39,99,0,32,77,54,0,0,79,0,30,27,32
154.08,-1,62,60,0,0,49,78,66,0,0,78,0,33,63,38
154.59,-1,64,48,0,0,33,74,38,0,0,77,0,45,56,39
154.74,1,57,32,0,0,0,74,39,40,0,74,87,15,77,30
156.42,1,62,38,0,0,0,69,57,0,0,78,0,35,27,38
156.49,1,44,39,0,42,0,72,59,0,0,79,0,33,55,57
156.57,-1,46,48,0,84,33,69,54,0,0,78,0,28,64,38
157.58,-1,78,54,0,43,34,69,39,0,0,76,0,36,28,59
156.5,1,50,47,0,0,0,78,68,42,0,70,90,41,40,34
156.77,1,62,41,0,0,52,73,61,0,0,77,0,45,86,20
156.75,-1,59,57,0,0,0,73,42,0,0,78,0,43,46,39
155.59,-1,59,70,0,42,33,75,55,0,0,78,0,36,56,26
151.92,-1,93,52,0,0,33,75,51,0,0,78,0,43,46,29
148.86,1,57,55,0,0,34,84,70,0,0,73,0,47,58,100
148.64,1,50,77,0,0,32,80,41,38,0,80,0,42,82,19
148.85,1,46,90,0,0,49,76,62,0,0,80,0,61,45,19
151.44,1,75,91,0,0,33,72,54,0,0,79,0,47,100,38
151.0,1,64,52,0,0,33,74,55,0,0,76,84,50,46,32
152.53,-1,53,100,0,0,34,83,53,41,0,72,0,52,96,30
150.79,-1,80,56,0,42,33,72,54,0,0,76,0,40,73,64
150.93,-1,59,52,0,42,0,75,46,78,0,79,0,45,46,25
151.85,-1,72,53,0,0,67,80,51,0,0,78,0,38,56,26
150.89,-1,64,66,0,0,50,75,76,40,0,78,0,36,57,33
148.48,1,62,78,0,0,52,75,88,0,0,73,0,40,39,50
150.0,1,76,20,0,0,22,47,43,34,11,88,0,23,27,22
150.0,-1,52,26,0,45,22,49,51,0,5,88,0,17,22,19
147.24,1,64,29,0,0,22,47,40,0,10,91,0,20,45,19
148.0,-1,59,45,0,0,0,49,48,0,15,88,0,23,32,20
147.66,1,49,37,0,94,23,50,41,0,17,81,0,31,38,20
147.43,1,46,38,0,0,22,48,51,34,15,90,0,27,27,12
148.63,-1,23,29,0,66,44,48,58,33,10,93,0,20,35,21
146.2,-1,70,28,0,45,22,47,63,0,20,92,0,24,36,19
144.51,-1,47,28,0,0,22,46,31,34,8,89,0,21,36,24
143.52,-1,30,34,0,46,0,48,61,35,17,85,0,19,46,19
137.12,1,56,30,0,43,21,51,23,0,18,97,0,26,52,26
141.86,-1,34,37,0,0,22,52,38,66,20,96,0,21,100,13
140.0,1,57,34,0,0,44,52,46,67,17,100,0,19,31,8
143.75,1,63,37,0,45,22,55,47,0,15,100,0,24,71,19
143.02,1,36,34,0,0,68,55,40,35,17,90,0,29,37,17
143.0,-1,67,31,0,0,29,50,30,33,14,91,0,27,26,16
139.48,-1,100,19,85,43,32,47,30,33,18,95,0,27,47,15
140.54,1,34,26,86,0,22,50,38,33,10,96,0,30,26,8
141.94,-1,74,40,0,44,54,52,8,33,11,97,0,34,35,13
139.94,-1,88,28,0,0,0,48,39,0,12,86,0,37,40,29
142.05,1,50,51,0,0,21,52,52,0,18,93,0,56,30,13
144.86,-1,77,57,0,0,21,52,34,0,18,95,0,40,39,31
141.0,-1,45,50,0,44,0,50,23,0,9,94,0,59,9,16
140.61,1,47,61,0,45,22,51,27,34,20,89,0,55,27,20
141.52,-1,60,51,0,43,42,52,56,33,20,95,0,41,21,8
141.56,1,71,57,0,0,53,52,22,0,20,92,0,59,25,18
143.51,1,94,73,0,0,42,51,30,65,15,96,0,58,21,21
143.81,-1,67,52,0,0,22,54,60,33,19,91,0,57,30,18
141.17,-1,40,60,0,45,33,53,27,34,16,86,0,59,18,16
140.5,-1,93,52,0,42,35,46,66,0,14,93,0,57,17,20
138.27,-1,28,56,0,86,0,53,41,0,24,95,0,63,60,20
138.53,-1,94,49,0,0,64,53,19,0,32,93,0,67,30,21
136.63,1,63,41,87,44,44,54,38,67,20,91,0,56,31,32
139.62,-1,70,39,0,0,37,56,28,0,20,84,0,53,31,27
138.3,1,75,48,0,42,0,53,54,0,28,91,0,55,25,42
138.62,1,44,40,0,42,42,55,44,32,36,93,0,65,46,63
142.52,-1,55,52,0,42,21,56,44,43,47,91,0,48,25,53
142.21,-1,93,44,0,43,21,61,37,0,37,88,0,73,17,77
139.08,1,35,48,0,0,22,58,43,0,38,81,0,64,31,37
144.3,1,38,36,0,0,41,65,62,32,38,93,0,60,29,65
145.99,-1,76,42,0,0,21,59,58,32,42,93,0,67,21,43
146.74,1,33,45,0,0,21,60,26,32,47,93,0,68,29,51
146.65,1,44,63,0,43,42,61,33,0,41,93,0,62,21,61
149.56,1,45,39,0,45,22,63,62,33,41,86,0,62,35,90
150.26,-1,28,59,0,58,22,59,45,33,41,90,84,79,43,86
148.91,1,43,62,0,0,20,60,69,0,61,93,0,73,29,64
149.0,-1,92,61,0,42,41,65,73,53,45,93,81,68,17,100
149.64,-1,66,64,0,42,21,64,26,0,48,94,82,62,13,73
149.77,-1,46,65,0,43,33,64,46,0,61,88,0,77,48,60
147.97,1,32,60,0,0,21,58,58,0,59,94,0,68,42,55
147.45,1,48,70,0,41,34,64,68,31,68,92,0,81,0,67
149.5,1,76,73,0,42,21,61,66,63,67,93,0,69,12,57
151.34,1,55,74,0,42,31,60,67,64,72,89,0,46,59,84
156.54,-1,51,68,0,0,22,65,39,68,65,85,0,67,22,64
156.06,1,43,69,81,41,41,64,76,31,67,92,0,71,33,62
156.0,1,54,62,0,42,31,65,61,31,77,94,0,83,29,67
156.49,1,86,69,0,0,21,62,47,32,79,94,0,94,46,67
157.75,-1,27,80,0,42,28,68,63,32,76,93,0,98,34,81
157.8,-1,57,83,86,0,22,67,50,0,83,85,0,82,36,85
157.51,1,76,91,0,0,28,66,58,32,80,93,0,66,50,81
159.48,-1,48,100,0,41,72,71,61,31,89,95,0,92,49,94
159.0,-1,70,85,0,0,41,92,51,31,90,93,0,80,29,60
159.38,-1,76,90,0,0,21,100,40,0,87,92,0,71,29,80
158.02,1,85,79,0,44,22,79,92,100,100,87,0,100,35,100
158.67,-1,59,30,0,0,35,50,96,32,0,88,0,20,29,31
157.23,1,70,38,0,0,36,51,48,32,0,86,0,19,29,41
157.86,1,40,31,0,0,37,51,53,33,0,85,0,18,16,38
157.78,-1,58,28,0,29,49,49,49,0,0,86,0,20,27,35
156.0,-1,70,27,43,60,37,45,54,0,0,80,0,16,19,27
155.61,1,52,27,0,42,35,47,57,64,0,87,0,16,39,49
158.36,-1,38,32,0,0,24,46,77,0,0,88,0,17,21,54
156.18,1,35,24,0,28,24,48,86,32,0,87,83,27,16,57
157.63,1,50,28,41,28,24,49,52,33,0,89,0,29,27,47
158.68,1,84,25,0,0,37,46,54,34,0,83,0,15,19,34
158.9,-1,63,23,0,28,24,46,65,0,0,88,0,22,16,37
157.37,1,73,35,0,0,94,50,54,32,0,90,0,23,21,46
158.06,-1,66,35,0,28,47,51,58,0,0,87,0,28,16,39
157.51,1,30,24,0,30,50,46,71,0,0,83,0,28,17,20
158.1,-1,55,37,0,28,69,44,47,0,0,90,0,21,23,19
156.41,1,55,38,0,28,35,47,44,0,0,90,0,24,31,19
156.88,-1,59,35,0,0,59,49,54,32,0,89,0,17,18,24
156.56,-1,53,37,0,0,36,52,55,0,0,87,42,22,27,30
154.79,1,55,28,0,30,58,46,57,0,0,83,0,21,30,35
157.53,1,56,39,0,0,24,47,45,0,0,90,0,19,24,27
156.44,1,50,35,0,0,24,48,33,0,0,90,0,25,37,23
156.17,-1,35,35,0,0,32,47,29,0,0,91,41,20,34,27
155.73,1,28,43,0,0,0,50,45,0,0,89,0,23,37,32
155.55,-1,66,29,0,0,49,50,64,0,0,83,0,25,25,30
155.29,1,45,32,0,28,35,50,48,0,0,87,0,25,16,30
151.99,-1,83,35,0,29,24,49,40,33,0,88,0,25,70,40
148.15,1,80,33,0,59,25,44,33,0,0,87,0,18,63,28
150.15,-1,56,39,0,89,100,50,37,0,0,82,0,25,28,30
148.21,-1,54,27,45,32,39,51,54,0,0,78,0,23,38,29
147.58,-1,37,32,0,0,25,47,48,0,0,80,0,26,39,25
148.12,1,46,37,0,0,39,51,63,35,0,79,0,25,40,41
149.69,1,60,47,0,32,27,51,51,0,0,73,46,23,36,23
150.82,1,31,33,0,0,40,51,73,0,0,62,0,31,33,7
151.13,1,42,41,44,31,43,53,42,35,0,83,0,27,17,37
152.2,1,46,47,0,0,52,53,39,0,0,84,45,34,37,35
152.79,-1,35,45,0,31,0,52,43,0,0,82,0,33,26,37
151.73,-1,39,41,0,0,44,49,63,0,0,71,0,23,39,10
148.05,-1,57,50,0,0,26,62,52,35,0,95,0,34,48,52
146.82,1,49,68,0,0,51,65,69,0,0,100,45,46,43,57
145.59,-1,62,64,0,0,39,62,39,0,0,89,0,56,35,37
142.52,-1,53,62,0,31,26,70,67,0,0,87,45,40,52,55
141.36,-1,66,60,0,31,39,70,57,0,0,82,0,40,38,63
140.97,-1,58,51,0,30,37,69,47,100,0,83,0,47,25,64
141.36,-1,62,70,0,30,0,70,30,34,0,83,43,45,58,56
140.89,-1,100,67,0,30,38,68,58,0,0,83,0,50,42,47
139.74,1,48,64,43,60,63,73,71,0,0,83,0,49,58,46
138.3,1,58,66,44,78,52,70,57,0,0,78,45,43,55,62
140.1,-1,48,77,0,30,25,76,68,0,0,86,0,59,25,66
136.95,1,71,78,43,30,25,75,72,0,0,86,0,45,39,86
136.96,1,64,100,0,31,64,88,97,0,0,86,0,69,43,92
140.14,-1,58,73,45,0,26,78,92,35,0,80,0,56,32,67
138.96,-1,44,82,0,60,87,79,51,34,0,85,43,54,55,69
141.79,1,48,78,0,30,37,85,71,34,0,85,0,54,50,85
144.95,1,74,78,0,0,25,85,75,34,0,88,44,50,100,68
146.16,1,67,82,43,30,25,94,86,35,0,87,44,66,39,100
148.24,1,47,66,0,31,26,83,53,0,0,80,45,52,50,67
149.33,-1,70,72,42,0,37,88,60,0,0,88,0,66,33,89
147.59,1,73,82,0,0,33,95,57,0,0,90,43,92,50,91
149.36,1,59,68,0,89,25,95,68,0,0,91,0,74,61,78
152.42,1,64,79,0,30,25,96,79,34,0,87,0,91,34,97
153.2,1,51,70,0,63,44,100,100,36,0,82,69,100,50,78
151.63,1,59,75,0,0,51,49,42,0,0,85,21,22,41,23
152.95,1,77,74,32,30,61,51,38,51,0,88,0,25,38,32
154.43,-1,54,79,0,0,30,52,59,100,0,87,20,24,56,29
149.91,1,58,82,31,29,30,55,47,50,0,88,20,28,28,23
151.51,1,41,86,33,60,46,51,42,78,0,82,0,25,49,31
155.0,1,82,74,31,0,0,51,37,49,0,88,20,25,40,38
156.0,1,100,68,0,29,30,49,29,0,0,89,0,25,37,33
156.35,1,75,74,0,29,59,52,28,49,0,89,20,28,68,57
157.0,-1,77,74,32,0,30,49,55,51,0,84,20,34,38,46
157.5,1,56,63,0,0,43,49,45,49,0,89,0,32,70,46
157.63,-1,53,66,0,0,29,50,34,97,0,92,0,31,42,39
154.84,1,42,65,0,57,59,47,52,0,0,92,0,27,40,41
157.54,1,89,69,0,0,30,49,47,50,0,89,0,29,40,36
159.15,-1,67,61,0,30,31,45,49,0,0,83,21,28,39,32
158.01,-1,55,61,30,28,43,46,31,72,0,87,19,26,51,37
158.75,1,87,63,31,0,29,49,44,49,0,90,0,29,51,36
158.88,1,66,61,30,0,0,47,37,48,0,90,19,26,60,34
159.41,-1,60,69,46,28,0,49,37,0,0,90,30,31,51,46
159.46,1,62,59,0,29,30,46,41,50,0,82,61,27,48,41
159.98,1,53,65,0,0,44,49,39,48,0,88,19,26,64,44
159.4,1,35,89,0,0,44,51,44,0,0,91,29,27,49,61
160.5,-1,42,83,0,28,0,51,40,0,0,91,39,22,67,67
160.77,-1,43,79,0,0,59,53,53,0,0,89,0,27,34,100
161.14,1,48,72,0,30,46,51,30,52,0,84,0,23,51,92
161.61,1,74,92,0,0,44,49,42,49,0,91,30,28,52,39
160.16,1,67,100,0,28,58,54,46,0,0,88,39,33,15,52
161.96,1,57,83,31,28,58,49,44,49,0,88,39,28,40,40
163.16,1,90,89,47,87,40,58,51,0,0,86,40,37,59,63
164.15,1,64,60,66,0,62,53,44,52,0,82,21,28,68,68
165.05,-1,54,52,31,29,30,43,37,0,0,89,20,20,44,49
164.5,1,90,63,31,0,30,59,46,0,0,89,40,29,31,71
164.6,-1,55,68,48,0,30,56,40,0,0,87,20,35,48,70
163.68,1,84,71,100,0,63,61,43,53,0,82,32,46,23,62
164.93,1,45,42,0,30,31,47,43,69,0,84,42,30,19,40
164.93,-1,78,69,31,0,59,65,59,49,0,92,39,56,61,77
165.37,1,71,67,0,0,30,66,65,74,0,93,60,56,53,66
166.75,-1,54,67,31,58,60,70,52,0,0,89,30,63,65,74
165.63,1,63,64,32,60,31,68,59,0,0,83,31,61,42,80
167.11,-1,74,52,0,0,98,65,51,49,0,90,39,50,55,73
165.18,1,43,59,47,0,59,71,71,50,0,94,80,67,37,86
165.34,1,68,52,31,0,30,68,64,49,0,91,40,61,37,76
165.88,1,76,53,31,29,30,72,59,0,0,92,60,73,44,59
167.71,-1,64,57,0,30,47,69,61,0,0,85,31,67,42,64
167.12,-1,39,40,31,0,69,65,55,0,0,93,0,70,49,57
167.01,1,100,77,47,28,0,100,100,49,0,93,40,100,43,71
168.47,1,75,63,47,0,40,96,89,0,0,92,40,96,34,74
169.0,-1,47,63,31,0,45,87,77,50,0,89,20,97,41,65
168.32,1,34,44,33,0,62,78,83,0,0,84,42,81,58,52
168.47,1,64,29,31,0,89,58,51,0,0,94,20,56,40,54
169.92,-1,68,35,31,0,30,63,49,49,0,93,20,59,55,57
170.14,-1,68,34,52,0,90,59,71,0,0,92,60,56,31,45
168.97,-1,73,37,32,0,45,63,66,0,0,88,20,61,28,53
169.09,-1,68,30,49,0,31,57,51,0,0,85,63,57,65,38
168.0,1,56,23,46,56,58,48,62,48,0,93,19,42,30,28
167.5,-1,53,29,0,0,58,52,50,49,0,94,39,47,100,45
166.99,1,57,22,31,28,0,38,41,0,0,91,20,28,34,26
166.85,1,47,25,31,29,30,49,44,0,0,91,81,43,56,37
166.98,1,53,19,33,0,62,44,44,52,0,84,31,34,44,27
167.3,1,58,18,63,0,45,34,37,50,0,90,20,27,57,17
167.39,1,57,21,31,29,30,45,46,0,0,96,40,36,34,24
166.37,1,72,19,31,0,50,41,59,0,0,90,100,27,34,25
167.46,1,56,19,32,0,93,39,53,0,0,89,52,24,42,16
167.84,1,65,12,33,0,32,35,37,0,0,100,42,20,36,19
168.59,-1,81,78,32,40,22,98,86,0,0,98,13,96,56,78
169.23,1,56,100,62,39,54,99,96,0,0,94,8,99,55,100
170.2,-1,60,78,31,0,43,95,100,0,0,96,9,100,58,68
169.86,1,73,91,32,79,43,90,62,47,0,88,5,83,51,77
170.05,-1,46,75,0,0,68,88,48,49,0,82,10,76,49,69
168.5,1,52,52,31,40,21,82,82,0,0,87,12,72,43,63
169.57,-1,72,82,31,39,21,82,66,0,0,98,11,65,27,71
166.5,1,67,50,31,0,21,80,84,0,0,91,8,62,62,45
165.37,-1,53,51,0,40,22,100,62,0,0,100,13,63,28,53
165.25,-1,63,65,33,42,0,82,85,49,0,82,6,52,46,52
165.28,1,68,63,42,39,42,72,50,0,0,82,11,59,27,36
167.16,1,96,48,0,0,21,75,43,0,0,83,22,58,47,71
169.0,1,77,69,32,40,22,76,49,47,0,82,23,65,71,26
170.01,-1,67,74,0,42,45,82,48,0,0,79,14,56,70,39
168.91,-1,26,66,0,43,35,78,52,0,0,76,18,54,46,39
169.32,-1,64,71,47,40,22,78,37,0,0,84,15,62,39,55
167.78,1,37,86,0,80,44,74,67,0,0,83,12,53,64,55
168.71,-1,61,70,0,0,33,75,56,0,0,80,10,48,44,44
168.05,1,73,65,0,0,34,68,59,49,0,76,12,48,31,33
168.85,1,81,67,32,40,88,65,58,0,0,81,16,43,52,38
170.25,1,69,57,32,40,22,71,40,0,0,84,13,41,80,36
170.95,1,73,38,32,40,22,65,33,0,0,83,17,35,44,31
170.5,-1,82,68,32,0,66,73,37,0,0,81,32,55,48,33
169.27,-1,56,75,0,0,34,69,47,0,0,75,16,46,42,40
168.45,-1,68,55,31,0,32,57,27,92,0,81,13,32,39,32
167.29,1,52,45,0,59,43,59,32,46,0,81,22,35,58,35
167.95,-1,77,60,32,40,65,63,23,0,0,82,11,33,32,34
167.35,1,44,51,0,40,33,61,35,47,0,78,20,24,63,24
169.99,-1,60,34,33,42,0,62,34,49,0,76,17,33,25,20
170.9,1,69,62,64,0,22,61,37,47,0,80,28,29,20,24
171.18,1,69,64,32,80,43,76,51,47,0,81,30,44,67,26
171.83,-1,61,55,32,0,0,66,49,0,0,80,25,33,40,30
172.71,1,59,62,0,42,45,70,34,0,0,79,41,31,53,39
168.87,1,86,60,34,42,46,63,27,0,0,70,32,29,97,29
167.78,-1,65,44,64,40,22,61,35,0,0,78,23,30,59,29
168.14,1,74,44,0,41,0,61,42,0,0,80,30,25,64,17
171.02,1,29,48,32,41,0,64,43,0,0,80,40,27,41,25
172.06,1,50,45,0,0,22,62,48,0,0,77,28,22,53,23
175.14,1,35,39,34,0,46,65,45,0,0,70,33,30,60,30
174.86,1,39,54,34,43,23,68,57,0,0,76,40,36,51,40
175.2,-1,53,37,52,65,35,70,40,0,0,76,38,36,47,43
175.09,-1,53,44,35,0,24,68,43,51,0,77,43,39,26,25
175.87,1,45,51,0,45,24,69,39,0,0,71,52,27,89,27
177.41,1,78,48,0,0,23,65,37,0,0,79,60,37,76,37
178.75,1,60,52,0,43,46,69,51,0,0,81,51,32,25,25
179.22,-1,73,60,0,86,35,71,39,50,0,79,56,30,89,35
180.15,1,87,58,65,82,22,66,33,0,0,75,67,29,73,26
181.5,-1,66,51,35,0,24,67,33,0,0,71,60,27,60,39
181.44,-1,77,37,45,0,23,63,42,100,0,77,58,23,55,26
181.11,1,73,41,34,64,46,65,27,49,0,77,56,22,76,24
181.73,-1,74,47,0,43,23,64,57,0,0,76,54,26,60,30
181.29,-1,57,47,34,43,0,60,50,0,0,78,61,27,47,19
180.42,1,67,34,0,44,0,66,38,0,0,70,66,23,57,23
180.2,-1,56,52,0,42,46,61,37,49,0,77,53,23,46,27
177.17,1,64,50,34,0,46,64,22,0,0,80,71,23,100,34
177.41,1,60,33,0,42,23,64,37,0,0,78,58,22,46,33
177.65,1,74,68,34,64,23,63,45,0,0,78,78,26,47,35
178.11,1,60,32,35,44,24,64,36,0,0,73,80,20,57,32
177.08,1,47,40,100,42,0,62,37,0,0,78,65,25,50,24
178.58,-1,64,55,33,70,23,60,22,0,0,81,96,27,54,49
178.72,-1,78,43,0,43,23,63,40,0,0,80,74,17,42,48
178.96,-1,100,51,0,43,35,66,27,0,0,76,93,24,32,56
178.25,1,65,66,36,45,0,63,34,0,0,72,88,22,50,35
178.9,-1,60,59,0,89,32,33,53,100,19,90,17,38,66,17
178.37,1,44,34,31,22,32,37,42,0,14,90,21,32,35,26
178.12,1,48,76,31,34,33,38,54,50,26,89,19,40,46,21
179.08,1,53,49,32,38,67,41,33,52,23,88,28,46,59,22
181.47,-1,42,93,0,59,35,42,45,0,24,82,21,42,51,20
181.0,-1,55,57,100,24,69,43,42,0,18,83,24,38,47,25
180.12,-1,53,64,32,38,34,43,48,0,32,89,28,52,72,18
178.67,1,25,61,32,23,68,41,74,0,24,88,24,43,59,21
179.7,-1,50,59,33,31,34,43,60,0,28,87,28,51,41,21
178.66,1,26,60,34,36,35,42,46,0,38,84,26,42,33,22
179.18,-1,41,43,0,68,100,40,47,0,36,94,24,66,31,23
179.61,1,36,63,0,68,33,44,68,0,34,93,28,52,31,26
179.41,0,48,73,31,59,32,46,64,0,48,94,24,45,44,26
179.09,1,62,60,0,36,31,46,83,0,42,93,32,49,30,30
180.19,-1,52,68,32,53,33,44,36,0,48,87,27,50,85,19
179.86,1,64,64,30,21,0,46,57,0,76,93,23,53,37,22
180.72,-1,53,72,30,63,31,46,84,0,48,99,31,51,29,23
179.49,-1,72,64,0,28,61,45,71,0,57,96,31,59,63,26
179.31,1,69,76,30,29,47,53,79,0,47,97,30,47,25,33
180.53,1,48,67,47,45,49,49,64,0,63,89,34,58,53,28
180.56,-1,64,95,30,28,62,55,47,0,100,99,30,69,54,36
180.04,-1,61,78,30,43,31,49,58,0,78,98,31,56,25,33
179.19,1,81,49,0,65,63,49,38,0,55,99,32,54,76,27
178.89,-1,52,54,31,100,32,50,57,0,55,93,28,52,39,35
175.0,1,62,52,30,65,32,46,86,49,61,98,23,47,60,16
176.83,-1,34,53,30,56,31,48,34,0,68,97,30,44,46,24
175.96,-1,98,64,0,35,31,54,71,0,50,97,39,43,46,26
175.53,1,61,68,30,57,31,58,41,48,53,97,42,47,51,32
175.88,-1,53,77,31,55,32,53,77,0,54,90,39,46,51,34
176.05,1,100,42,29,55,46,50,56,0,56,99,34,45,37,29
177.71,-1,59,68,29,31,0,56,69,46,54,99,46,59,45,32
177.88,1,82,61,29,31,30,54,37,0,49,99,45,50,29,49
179.83,1,69,51,30,64,62,59,98,48,46,99,48,48,63,40
179.4,-1,59,55,0,44,53,65,56,49,52,90,56,50,39,48
176.85,-1,78,63,29,62,30,65,60,0,59,99,51,45,61,40
175.61,1,78,47,29,34,30,71,36,0,51,98,59,62,24,49
176.78,1,56,66,59,42,30,70,53,47,48,98,58,58,49,49
177.48,-1,53,87,29,21,31,66,57,47,55,96,63,48,41,55
176.58,-1,39,71,30,87,62,57,55,0,39,89,46,42,43,40
175.33,-1,63,34,58,69,91,56,56,0,37,95,38,40,37,35
174.59,-1,62,47,43,51,75,64,69,0,55,98,57,49,40,53
171.66,1,37,47,29,62,30,66,69,46,53,97,60,60,53,61
171.93,-1,67,63,29,42,30,69,50,47,52,94,68,55,45,42
171.9,-1,46,51,45,54,42,65,51,48,46,87,57,65,42,50
171.84,-1,63,63,0,21,31,62,73,47,37,92,59,51,25,53
170.24,-1,59,68,29,28,30,76,49,0,22,96,82,64,37,63
169.6,1,57,53,30,91,31,74,50,0,29,97,72,53,37,66
168.87,1,71,74,58,70,30,72,100,0,29,96,74,72,29,75
170.99,-1,35,46,30,43,63,72,48,0,26,90,72,52,17,62
170.54,-1,44,46,48,41,89,66,65,0,33,96,65,66,44,62
171.68,-1,51,61,28,54,30,75,39,0,37,99,66,78,44,73
170.8,-1,55,49,29,41,30,71,49,0,18,100,63,71,20,68
169.57,1,66,49,58,48,40,80,49,46,24,97,84,76,36,68
168.11,1,65,59,30,75,47,69,68,0,24,88,64,54,38,60
172.65,-1,73,83,58,62,0,70,59,0,29,98,58,55,60,69
169.47,-1,58,100,29,20,74,84,49,46,33,100,80,83,100,78
165.69,1,81,88,77,31,30,83,59,46,46,99,81,86,48,86
166.87,-1,60,79,73,49,31,94,60,0,56,99,92,100,49,92
166.55,-1,67,91,0,44,43,88,52,0,43,89,90,89,43,96
166.46,-1,49,61,59,42,31,79,47,47,29,90,78,74,46,84
165.4,-1,68,61,59,74,0,100,71,96,48,93,98,81,21,94
164.7,1,48,58,44,28,61,94,69,0,36,97,89,84,53,88
166.14,1,59,60,85,61,30,95,46,46,38,98,100,84,57,96
167.21,-1,38,70,90,43,62,94,48,48,32,90,87,87,76,100
168.15,1,43,56,0,38,20,34,45,36,100,96,25,44,36,50
169.9,1,63,51,8,75,20,40,45,35,81,95,34,56,57,62
165.84,1,53,35,11,18,19,40,52,0,65,86,33,54,100,54
170.16,1,47,51,5,52,20,56,61,0,68,92,50,62,63,67
174.05,1,41,51,5,74,43,47,44,38,80,87,41,62,38,61
175.23,-1,50,77,10,57,20,42,42,36,64,96,35,54,25,62
173.16,1,79,46,12,51,20,47,56,36,93,98,39,61,76,60
173.13,-1,57,75,8,57,0,45,39,36,54,97,39,61,51,64
172.01,1,51,61,5,45,31,48,71,0,71,97,40,55,33,71
172.51,1,52,63,9,100,0,46,48,37,57,90,35,67,45,65
171.42,1,38,69,10,44,0,40,72,0,73,98,30,65,60,66
171.67,1,60,66,11,76,20,48,66,35,56,99,42,76,43,75
172.08,1,39,58,10,51,100,46,59,71,56,95,39,68,36,72
172.21,1,29,68,5,39,20,46,36,0,66,90,38,62,52,74
173.56,-1,84,67,9,36,19,41,36,34,47,100,33,57,27,55
172.54,1,61,80,12,36,57,50,43,0,50,99,43,71,27,83
172.2,-1,72,84,9,43,0,52,51,0,52,97,47,71,35,82
171.64,1,73,69,5,62,19,58,69,35,61,94,51,94,42,100
172.53,-1,58,80,10,32,21,56,60,0,41,91,51,75,26,88
172.63,-1,76,86,16,45,18,47,43,0,62,97,35,76,45,74
171.82,-1,40,78,11,30,38,55,63,0,40,97,47,100,48,99
172.38,1,55,89,14,31,20,54,47,0,39,96,45,89,45,86
176.08,-1,63,79,11,31,20,58,48,0,32,92,49,94,61,90
175.36,1,65,100,5,39,20,51,43,36,31,85,44,86,70,87
178.25,1,57,74,15,42,19,42,39,50,45,93,33,77,89,70
179.57,-1,51,82,12,67,19,100,93,0,38,94,100,91,96,92
179.16,-1,69,53,24,31,19,62,64,0,39,93,46,50,49,49
177.26,-1,67,74,15,28,40,47,100,70,26,91,31,45,57,33
176.56,1,56,59,15,30,41,39,58,0,19,84,22,42,49,28
177.61,1,46,50,15,57,20,26,63,0,30,90,15,40,62,20
178.34,1,65,57,13,90,21,26,57,37,41,90,15,36,51,25
178.6,-1,37,39,19,59,0,23,29,0,27,86,12,31,41,16
178.89,1,49,49,8,94,42,24,44,0,19,81,11,32,46,24
179.09,-1,35,50,11,62,0,20,46,0,24,72,9,28,39,20
178.66,1,22,50,14,72,41,19,25,0,14,85,10,28,41,19
178.88,-1,52,40,20,60,0,19,25,0,10,84,10,26,23,19
178.29,1,34,25,19,67,0,22,15,38,27,82,10,29,34,22
179.0,-1,47,33,59,56,0,20,31,39,18,78,9,15,51,21
178.83,-1,47,24,66,69,40,24,48,0,22,89,12,31,50,28
178.03,1,31,36,71,87,20,24,38,0,24,92,11,28,46,18
178.26,-1,63,30,74,57,0,23,59,70,26,91,12,36,43,23
177.29,1,47,31,47,58,51,23,39,0,34,86,12,28,55,19
178.37,-1,61,25,53,55,38,21,37,0,27,91,12,28,38,20
177.36,-1,74,32,77,90,19,24,46,0,28,95,12,38,38,19
176.63,1,27,17,54,72,28,24,49,0,38,96,13,33,34,28
176.97,1,44,33,61,98,0,28,47,34,38,95,17,39,49,33
177.58,-1,59,51,83,86,39,62,75,35,27,88,58,92,42,99
177.0,1,43,38,66,83,0,42,52,50,34,96,32,65,34,73
177.9,1,56,41,72,47,0,39,61,0,43,96,28,64,54,66
179.25,-1,64,23,72,42,37,35,69,0,28,95,23,54,41,52
179.2,-1,48,25,75,93,39,32,58,35,27,89,21,49,39,52
177.91,1,56,24,59,44,47,29,39,0,32,99,20,49,44,40
177.5,-1,100,40,61,81,37,29,43,100,41,100,17,57,78,37
177.09,-1,74,30,62,66,0,26,26,0,23,100,15,42,99,32
176.31,1,67,21,47,59,19,27,65,0,41,94,15,43,54,37
177.48,0,42,36,29,62,29,30,86,70,53,89,18,56,43,52
177.25,-1,63,24,38,77,19,28,48,33,35,99,18,37,40,59
174.74,1,90,23,49,89,19,28,46,50,39,100,16,47,30,56
175.17,0,52,29,49,64,18,23,57,33,42,98,13,42,53,38
174.13,1,70,25,45,60,38,23,46,34,34,97,13,30,51,41
174.02,1,59,16,46,68,39,22,34,0,33,92,10,32,67,29
174.12,1,33,80,50,41,33,100,100,0,0,86,100,81,33,99
176.08,-1,50,58,66,60,20,99,44,0,0,89,100,100,54,100
175.62,1,50,72,46,48,30,97,75,29,0,87,86,95,52,83
176.87,1,34,68,49,48,47,97,53,29,0,87,89,87,50,100
178.3,1,70,71,65,38,21,94,87,61,0,81,89,89,60,91
179.86,1,62,66,52,29,39,82,77,28,0,85,69,65,56,74
180.86,1,46,63,47,66,30,78,75,0,0,84,70,60,71,53
180.3,1,68,73,52,55,27,86,67,30,0,86,65,65,50,61
181.75,1,54,67,68,18,20,83,79,29,0,85,62,71,76,67
183.43,-1,38,90,67,24,20,83,75,29,0,81,67,67,44,48
182.79,1,66,44,66,30,30,90,83,0,0,90,66,68,57,65
183.4,1,83,53,66,12,30,86,70,0,0,93,71,84,60,79
185.91,1,42,100,67,18,20,84,67,0,0,90,59,69,56,78
186.82,1,52,42,41,38,21,80,87,30,0,83,63,65,57,60
187.5,-1,45,87,78,41,46,77,60,0,0,87,52,51,53,58
186.73,-1,29,62,59,41,30,78,52,28,0,91,52,55,41,68
188.08,1,44,34,40,17,19,78,51,42,0,92,43,65,100,42
189.46,1,56,78,45,58,19,77,59,28,0,93,53,58,77,53
189.85,-1,56,50,38,25,21,72,85,30,0,87,51,65,42,37
188.93,-1,64,47,51,34,45,74,38,0,0,90,44,58,57,57
188.29,1,35,46,42,45,38,76,58,55,0,90,45,52,59,50
189.72,-1,45,53,52,83,26,73,56,57,0,86,41,51,46,41
189.25,1,57,53,41,53,40,78,91,28,0,87,55,56,43,48
190.64,1,51,51,48,18,42,73,41,30,0,82,49,39,45,45
191.77,-1,65,41,30,28,0,65,64,27,0,88,39,54,35,53
190.93,-1,53,53,26,35,29,75,95,0,0,87,45,59,65,75
190.18,1,66,53,48,41,53,71,74,29,0,87,47,70,84,47
191.06,-1,67,54,29,54,40,77,53,29,0,87,49,55,63,80
190.82,1,48,71,44,31,42,74,60,30,0,80,44,37,49,68
192.52,1,54,40,42,18,33,76,70,29,0,90,47,72,60,57
193.49,-1,66,49,46,18,50,75,43,71,0,90,44,55,73,97
192.3,-1,49,26,35,24,30,73,60,0,0,89,48,64,48,68
192.12,1,55,54,40,12,20,76,58,88,0,88,54,58,50,66
192.12,-1,61,37,53,25,41,76,59,30,0,83,51,32,42,96
190.7,-1,50,49,44,48,27,70,35,29,0,89,39,52,52,33
189.94,1,71,53,37,0,60,78,61,29,0,91,48,58,55,65
190.59,1,29,49,55,30,20,70,31,29,0,92,55,52,38,87
190.74,1,38,46,61,30,20,79,71,44,0,90,45,60,46,60
191.3,1,52,51,48,31,42,72,78,30,0,81,45,52,29,60
191.87,-1,46,36,86,36,60,71,92,0,0,89,42,41,35,65
190.57,-1,50,67,61,48,27,77,74,0,0,90,59,87,35,94
190.7,-1,58,40,52,24,20,77,52,29,0,89,48,44,46,74
190.41,-1,59,48,40,42,54,75,58,29,0,90,46,58,33,78
190.03,-1,73,33,64,25,21,75,32,45,0,82,41,46,43,55
190.16,-1,59,36,49,24,34,68,62,0,0,88,46,42,52,62
189.13,1,46,55,56,30,47,70,62,29,0,89,43,46,39,68
190.31,-1,94,32,50,48,34,68,67,29,0,87,46,53,48,60
189.25,-1,31,29,56,45,21,71,70,31,0,83,43,58,47,65
189.31,1,78,37,41,19,35,66,41,45,0,82,28,27,40,58
189.76,1,82,26,43,35,30,74,65,71,0,89,40,62,43,62
190.8,-1,61,35,32,35,26,69,30,28,0,88,50,42,40,68
190.02,1,71,58,55,30,41,69,44,44,0,89,43,64,38,64
191.15,1,74,63,44,63,53,72,41,61,0,84,40,59,29,62
193.0,1,37,71,43,30,20,72,56,29,0,91,36,64,43,62
193.99,1,46,71,46,24,20,78,30,29,0,94,45,70,95,75
195.7,-1,41,31,52,70,39,71,47,28,0,90,42,38,64,81
195.43,1,100,36,51,48,50,73,48,29,0,89,37,44,71,85
196.15,-1,78,42,44,100,35,70,96,45,0,83,36,49,54,86
195.5,-1,67,34,71,32,32,65,71,78,0,84,26,36,77,60
195.16,1,46,67,55,65,20,74,87,0,0,93,51,54,49,65
196.6,1,54,53,42,53,100,68,39,29,0,92,36,40,41,65
198.3,1,42,20,53,36,40,71,53,58,0,95,33,53,60,50
199.67,-1,60,51,57,37,42,66,45,30,0,100,21,50,68,53
198.84,-1,69,38,22,40,49,65,50,10,0,100,45,47,39,45
199.36,-1,50,28,15,44,16,69,82,14,0,95,67,48,30,70
197.37,-1,77,28,26,53,16,62,60,7,0,98,47,57,18,55
196.04,1,43,21,30,33,83,73,42,7,0,95,54,42,29,61
195.9,1,32,15,20,26,28,72,58,18,0,85,55,45,27,64
196.67,1,64,15,20,70,17,69,67,22,0,93,42,44,31,32
197.48,1,45,33,23,30,43,69,29,0,0,95,47,38,19,59
195.39,-1,61,26,44,26,44,72,44,15,0,90,55,41,27,27
194.5,1,45,33,33,35,35,67,83,11,0,97,55,37,26,63
196.3,-1,30,19,36,48,30,64,31,8,0,87,36,30,27,39
196.35,1,45,33,36,48,17,63,69,22,0,87,47,36,22,52
198.73,-1,28,22,23,25,25,69,43,7,0,84,61,49,11,71
198.49,-1,67,22,35,52,35,71,40,15,0,85,48,33,24,40
198.41,1,38,27,31,62,44,70,70,8,0,83,51,50,28,60
199.14,1,27,28,22,23,19,68,58,12,0,79,38,29,38,38
200.31,1,36,33,32,38,28,74,77,11,0,85,71,44,41,51
202.73,1,24,40,37,46,28,70,48,37,0,86,53,51,36,44
204.25,1,33,30,26,39,41,66,89,0,0,83,58,26,61,54
205.06,1,35,0,29,59,28,72,67,8,0,77,46,47,35,57
206.77,-1,36,22,33,70,51,67,78,22,0,78,48,42,46,41
206.01,-1,44,40,19,46,39,66,33,11,0,86,45,51,28,73
205.73,-1,40,22,30,50,17,70,47,11,0,84,49,37,39,56
204.84,1,32,11,25,63,34,68,43,15,0,81,55,51,31,63
206.0,1,34,23,30,80,30,70,53,8,0,76,47,33,31,61
207.06,1,40,18,28,59,34,65,29,14,0,82,40,30,37,51
207.58,1,59,39,26,50,33,72,38,18,0,81,50,53,22,73
209.78,1,45,36,25,64,40,67,63,22,0,83,55,52,44,55
209.5,1,63,26,32,35,41,75,90,19,0,82,54,41,32,69
211.73,1,30,31,22,45,27,72,76,23,0,76,70,42,36,41
214.0,-1,41,33,22,26,29,65,48,15,0,84,52,53,36,46
213.45,-1,35,21,22,53,33,73,70,25,0,82,60,48,27,60
214.02,-1,51,28,19,78,27,66,47,21,0,81,59,46,36,75
212.73,-1,28,21,40,67,33,74,52,29,0,82,64,57,45,81
212.0,1,29,30,32,78,35,68,34,45,0,78,53,43,26,76
212.79,-1,50,26,23,17,29,67,69,19,0,80,43,49,21,40
212.0,-1,38,19,18,44,35,76,60,30,0,83,49,48,39,68
210.78,-1,42,30,26,67,18,65,35,31,0,86,66,40,44,83
211.05,-1,51,30,30,76,42,78,40,38,0,84,64,60,28,79
209.91,-1,100,27,20,45,49,70,67,31,0,77,68,53,32,71
209.14,1,43,27,28,36,36,72,81,23,0,83,51,54,32,80
210.0,-1,43,100,21,45,54,93,71,31,0,85,86,94,32,88
209.05,-1,68,38,28,72,84,100,51,46,0,83,100,100,30,97
208.5,1,52,39,33,50,49,77,73,55,0,79,73,51,29,82
209.6,1,37,30,22,39,40,71,44,56,0,85,52,48,19,54
210.41,-1,37,22,29,61,58,76,40,26,0,89,63,61,26,82
210.91,1,37,52,22,65,52,75,64,26,0,85,68,58,39,78
211.2,-1,25,27,29,73,53,77,45,61,0,85,83,72,38,86
211.52,1,39,31,27,41,49,79,52,27,0,80,69,55,25,73
212.2,-1,13,41,23,48,29,74,65,30,0,87,62,50,24,57
210.68,1,46,15,23,79,53,79,60,53,0,87,71,57,13,100
211.51,1,42,15,19,70,82,79,40,57,0,87,98,55,24,90
212.21,1,37,34,28,48,58,80,30,41,0,86,81,64,19,80
211.65,-1,74,51,25,100,49,76,67,39,0,83,66,67,25,66
211.2,-1,45,26,11,52,57,73,68,52,0,89,55,56,14,78
202.65,-1,86,22,23,60,46,80,49,48,0,87,61,49,97,73
200.45,-1,24,33,23,60,46,82,97,100,0,86,69,54,100,84
199.14,1,33,41,34,52,35,84,64,56,0,86,92,52,69,95
200.79,-1,26,39,20,67,60,79,61,77,0,80,69,37,47,69
202.29,1,47,46,24,54,55,68,42,60,0,86,55,55,37,51
203.19,1,54,21,20,72,70,73,87,76,0,84,47,53,34,54
205.91,1,36,40,26,63,84,75,100,86,0,87,74,62,36,52
207.95,-1,42,34,27,48,59,77,40,87,0,85,61,42,26,71
207.9,-1,58,23,11,22,18,99,74,14,0,98,80,63,14,81
206.83,-1,57,16,14,52,18,98,67,22,0,96,95,84,19,100
206.69,-1,62,19,17,42,27,92,69,42,0,93,97,63,17,79
205.62,1,39,30,10,27,28,100,60,37,0,94,84,58,18,87
206.85,-1,40,48,8,52,17,96,49,36,0,88,87,87,13,57
