1,92.29,35,0,99,0,0,0,42,0,0,0,45,0,26,79
-1,92.36,58,0,98,0,0,30,47,85,0,44,100,0,0,73
1,92.0,60,0,95,0,57,0,41,0,0,0,35,0,55,86
1,92.75,62,85,96,0,0,31,64,0,0,0,34,0,80,74
1,93.93,53,44,90,0,0,64,50,0,0,0,35,0,28,72
-1,94.0,32,0,92,0,56,0,43,0,0,0,51,0,0,70
-1,93.98,38,42,97,0,0,0,58,85,0,44,0,0,26,77
1,92.56,72,0,96,0,0,30,55,0,0,0,0,0,39,70
-1,92.65,54,0,95,0,0,91,32,0,0,0,34,0,40,71
1,92.03,24,0,93,0,0,47,41,0,0,0,35,0,54,69
-1,92.92,63,40,96,0,0,29,30,0,0,0,0,90,25,66
-1,92.36,29,40,99,0,0,0,40,0,0,0,64,0,25,67
-1,92.5,45,41,97,0,53,29,51,0,0,0,43,0,26,67
-1,92.05,57,0,98,0,0,30,31,0,0,0,0,0,0,69
1,92.44,43,42,89,0,0,30,43,0,0,0,0,0,27,74
-1,92.03,51,0,96,0,0,0,35,0,0,0,32,0,25,64
-1,91.92,63,0,100,0,52,0,25,0,0,0,32,0,25,67
1,92.37,49,41,98,0,52,0,31,0,0,0,65,0,25,75
-1,93.38,40,0,93,0,0,31,49,0,0,0,0,0,27,72
-1,92.27,73,40,98,0,0,0,45,0,0,0,32,0,100,65
1,90.73,54,0,99,0,0,0,50,81,0,0,31,0,25,68
-1,91.6,69,0,100,0,0,0,49,0,0,42,0,0,0,63
1,90.92,22,40,99,0,0,0,40,0,0,42,0,0,50,62
1,92.86,38,0,93,0,0,0,42,0,0,0,33,0,26,66
1,93.66,58,0,98,0,0,28,50,0,0,0,94,0,0,72
-1,93.78,61,0,98,0,0,0,69,0,0,0,31,0,49,67
1,92.88,32,0,96,0,0,0,59,0,0,0,31,0,37,61
1,93.2,59,40,96,0,0,58,50,0,0,0,0,0,0,66
-1,94.06,46,41,91,0,0,0,58,84,0,0,33,0,53,69
1,92.85,61,0,98,0,0,0,34,0,0,0,47,0,49,69
-1,93.95,47,0,99,0,0,0,39,0,0,0,31,0,49,71
-1,92.88,72,0,98,0,50,28,25,0,0,41,0,0,0,64
-1,92.89,70,40,96,0,0,0,30,0,0,0,32,0,25,72
-1,92.47,53,41,89,0,0,30,26,0,0,43,33,0,26,69
1,92.9,72,0,95,0,51,0,34,80,0,82,31,0,24,59
-1,94.23,57,38,96,0,0,0,69,0,0,0,0,0,24,69
-1,93.81,58,40,97,0,0,0,35,0,0,0,32,0,0,75
1,94.05,57,39,93,0,100,28,34,0,0,0,46,0,25,62
1,94.74,48,40,89,0,0,29,56,0,0,0,32,0,51,76
1,94.55,49,0,91,0,49,0,53,0,0,80,0,0,36,73
-1,95.29,73,75,94,0,0,0,93,77,0,0,45,0,47,66
-1,93.95,100,0,98,0,0,27,58,0,0,0,30,0,24,79
-1,93.86,60,38,92,0,0,27,51,0,0,0,31,0,24,80
-1,92.95,41,40,84,0,0,29,56,0,0,42,48,0,25,77
1,92.71,45,0,95,0,0,0,57,0,0,0,0,0,23,68
1,94.02,48,38,92,0,0,0,47,0,0,39,0,0,47,70
-1,94.94,55,38,94,0,48,27,61,0,0,0,45,0,47,71
1,94.68,49,38,92,0,0,27,62,78,0,0,0,0,48,71
-1,94.61,33,40,89,0,52,29,35,81,0,42,32,0,25,68
1,92.41,44,37,90,0,0,27,56,0,0,39,44,0,0,69
-1,89.67,65,37,94,0,0,27,35,0,0,0,30,0,35,69
-1,89.03,38,38,93,0,48,27,38,0,0,39,30,0,47,75
-1,88.57,53,39,90,0,0,0,73,0,0,0,0,0,37,74
1,87.9,63,40,84,0,52,29,51,82,0,0,32,0,25,72
-1,88.03,45,38,87,0,0,0,48,0,0,0,30,0,24,66
1,87.94,26,40,86,0,0,0,55,0,0,0,32,0,76,81
-1,89.61,30,40,86,0,0,87,41,0,0,43,32,0,25,78
1,88.08,54,0,91,0,0,0,65,0,0,0,29,0,23,71
1,89.95,51,0,93,0,0,27,51,0,0,38,58,0,23,71
-1,90.34,47,0,92,0,0,26,59,0,0,0,29,0,34,78
-1,89.11,35,38,92,0,0,27,81,78,0,40,45,0,0,77
1,88.6,58,39,87,0,0,0,64,0,0,0,31,0,25,69
1,88.96,67,26,92,0,0,44,53,0,0,0,35,0,42,69
1,88.6,64,53,92,0,0,45,88,0,0,81,0,0,38,64
-1,89.17,59,26,92,0,0,0,48,0,100,0,0,0,0,77
1,86.74,83,0,92,0,0,0,57,46,0,55,35,0,38,100
1,88.12,52,0,86,0,53,0,33,0,0,56,37,0,39,83
1,89.25,62,26,94,0,0,44,62,0,0,53,34,0,28,64
-1,89.08,66,26,96,0,0,0,39,0,0,0,0,0,28,63
-1,89.08,50,53,94,0,100,0,32,0,0,0,0,0,28,63
1,89.29,48,0,88,0,53,47,50,0,0,56,37,0,0,76
1,89.54,65,0,98,0,0,43,38,43,0,0,100,0,54,60
1,90.19,57,51,100,0,0,43,31,0,0,0,0,0,41,60
1,90.1,87,0,97,0,0,0,50,43,0,0,0,0,27,63
-1,91.35,44,26,95,0,0,43,43,44,0,0,34,0,28,64
1,90.68,55,0,88,0,0,45,53,0,51,0,53,0,39,68
-1,91.41,57,0,96,0,0,0,42,43,0,52,34,0,27,62
-1,90.31,78,26,95,0,0,0,42,0,0,51,50,0,41,63
1,90.3,88,0,94,0,0,0,39,44,0,52,34,0,28,62
1,90.8,45,0,97,0,0,0,36,0,0,53,34,0,28,59
1,91.24,69,0,90,0,0,0,33,0,51,56,35,0,29,72
1,91.37,82,0,96,0,0,0,69,0,0,0,33,0,0,64
1,92.65,52,0,96,0,0,0,31,0,0,52,33,0,46,64
-1,93.72,66,26,94,0,0,44,43,0,0,53,34,0,55,64
-1,92.95,62,0,92,0,0,0,43,0,0,0,34,0,28,56
1,92.0,34,0,88,0,0,0,49,46,0,0,0,0,29,60
1,92.39,44,0,92,0,0,0,19,0,0,53,0,0,27,59
1,93.13,53,26,92,0,0,0,35,44,0,0,0,0,28,67
-1,93.92,48,27,90,0,0,45,68,0,0,0,35,0,29,66
1,93.35,41,27,85,0,0,0,56,0,0,0,0,0,0,63
1,92.78,48,29,81,0,54,0,51,0,54,0,37,0,30,66
1,92.7,28,0,68,0,0,0,69,0,0,0,85,0,35,72
-1,93.35,50,0,85,0,0,100,53,0,0,60,39,0,0,57
-1,93.11,47,0,84,0,0,0,62,0,0,0,36,0,30,65
-1,91.98,34,57,84,0,54,0,73,0,0,0,37,0,30,63
1,91.55,65,0,73,0,0,0,36,0,0,0,63,0,34,61
1,94.19,50,0,86,0,0,44,28,0,50,0,69,0,38,64
1,94.34,35,0,92,0,0,66,74,0,0,0,0,0,28,63
1,94.79,50,27,89,0,0,45,52,0,0,0,0,0,86,74
1,95.02,21,50,90,0,0,64,38,0,0,51,0,0,41,65
1,95.17,68,25,91,0,0,70,78,0,0,0,65,0,40,68
1,95.87,72,0,95,0,0,56,49,0,0,0,0,0,45,73
1,96.71,60,25,92,100,0,98,60,0,0,0,82,0,40,65
1,95.84,58,26,90,0,49,66,66,0,0,0,0,0,42,67
1,96.4,79,24,95,0,0,83,44,0,0,0,32,0,44,70
1,96.83,58,0,95,0,0,61,44,0,0,0,0,0,26,75
1,97.0,63,25,93,0,47,42,48,0,0,50,0,0,26,76
1,97.79,68,100,96,0,0,42,63,0,0,0,33,0,80,69
1,98.42,48,51,88,0,0,87,50,0,0,51,34,0,82,69
1,98.39,62,24,98,0,0,0,73,0,0,0,32,0,39,72
1,98.97,67,0,99,0,0,41,59,42,0,50,0,0,93,80
1,99.38,63,25,95,0,47,62,56,0,0,0,65,0,92,88
1,99.79,69,25,92,0,0,0,57,0,0,52,67,0,64,80
-1,100.98,53,48,97,0,0,0,68,41,0,49,31,0,51,74
1,100.33,78,0,100,0,0,40,79,41,0,0,32,0,51,73
-1,101.8,58,24,97,0,0,41,47,41,46,49,32,0,86,74
-1,100.69,46,25,96,0,0,0,41,0,46,100,0,0,70,79
1,101.44,61,26,91,0,0,0,35,0,0,52,0,0,69,72
0,100.77,74,0,98,0,0,82,18,0,0,49,32,0,52,55
1,101.31,83,24,99,0,0,0,91,0,0,97,0,0,52,68
1,101.13,100,24,97,0,0,0,48,0,0,50,32,0,70,71
-1,102.65,55,74,98,0,0,0,33,0,0,50,0,0,71,67
1,102.34,35,64,91,0,0,43,61,0,0,0,34,0,46,72
1,102.39,44,34,73,0,0,0,75,83,0,53,0,0,77,69
1,102.66,55,18,75,0,0,45,59,0,0,54,100,0,53,72
-1,103.03,58,26,73,0,0,43,41,0,0,0,64,0,64,71
1,102.43,60,53,72,0,0,44,71,86,0,0,49,0,26,75
1,103.06,51,54,69,0,52,45,47,87,0,55,34,0,54,77
1,103.42,100,17,77,0,0,0,44,0,0,0,31,0,63,87
-1,104.18,19,51,75,0,0,0,49,0,0,52,32,0,25,72
-1,102.88,39,26,76,0,48,0,65,84,0,52,32,0,51,80
1,102.99,30,18,72,0,0,0,76,0,0,0,0,0,26,74
-1,103.91,56,16,73,0,0,41,55,0,0,49,31,0,25,63
1,102.11,38,33,77,0,0,42,44,80,0,100,47,0,50,75
1,102.1,28,17,76,0,0,0,36,81,100,51,31,0,62,73
1,103.6,67,34,76,0,0,0,53,0,0,0,0,0,51,75
1,103.39,35,0,72,0,0,44,72,85,0,0,100,0,52,89
-1,103.51,62,17,76,0,0,0,76,0,0,0,31,0,25,73
1,103.76,71,33,76,0,48,42,56,0,0,51,0,0,100,76
-1,104.73,33,25,75,0,0,42,52,0,0,51,31,0,75,75
-1,104.8,44,26,75,0,0,0,94,0,0,52,32,0,51,77
1,105.0,35,18,70,0,0,0,33,0,0,0,33,0,65,80
1,105.33,70,33,76,0,0,0,71,0,0,0,31,0,37,74
-1,105.82,74,16,75,0,0,0,82,79,0,0,0,0,49,75
-1,105.13,65,0,73,0,0,0,86,0,0,0,31,0,48,75
1,105.33,47,49,73,0,48,42,48,0,0,51,31,0,49,82
1,105.9,30,17,70,0,0,44,75,0,0,0,33,0,78,76
1,105.23,61,33,78,0,0,0,59,0,0,50,0,0,97,73
-1,105.83,65,49,77,0,0,0,79,0,98,0,31,0,74,71
-1,105.91,76,16,77,0,0,0,36,0,0,0,47,0,25,74
-1,105.39,66,17,74,0,0,0,60,0,0,51,0,0,50,72
1,105.1,49,51,71,0,0,0,57,0,0,0,65,0,0,73
-1,106.53,66,33,77,0,0,0,44,0,0,0,46,0,62,81
1,105.41,62,33,75,0,0,0,60,0,0,76,31,0,99,77
-1,105.35,39,42,74,0,0,0,57,0,0,52,48,0,38,70
1,105.67,55,35,73,0,0,45,47,0,0,54,34,0,40,75
-1,106.0,54,35,66,0,0,44,58,0,0,53,65,0,39,80
1,105.8,56,41,76,0,0,0,83,80,0,0,0,0,99,79
-1,106.6,61,41,76,0,0,41,47,0,0,0,62,0,74,87
0,105.82,52,25,75,0,0,43,56,0,0,0,0,0,37,81
1,104.45,34,35,71,0,50,0,95,0,0,0,32,0,39,100
-1,105.86,55,16,76,0,46,0,62,0,0,0,46,0,24,72
-1,106.0,73,24,76,0,0,0,54,0,0,0,30,0,24,79
1,106.09,47,16,77,0,0,0,47,0,0,50,0,0,25,80
1,107.86,61,34,76,0,0,0,40,0,0,51,31,0,62,85
-1,107.89,39,35,74,0,100,43,66,0,0,0,49,0,65,92
-1,107.15,56,41,77,0,0,0,67,79,0,50,0,0,74,70
-1,106.69,65,33,77,0,0,83,63,80,0,50,61,0,61,72
1,105.47,47,17,77,0,0,83,44,0,0,76,31,0,62,70
-1,105.84,57,0,75,0,0,42,64,0,0,0,47,0,50,73
1,105.31,25,35,73,0,0,0,71,84,0,52,65,0,52,74
1,105.71,42,33,78,0,0,41,43,0,0,0,31,0,24,68
1,106.24,28,16,77,0,48,42,55,0,0,0,31,0,61,70
1,107.61,66,17,77,0,0,0,40,0,0,0,31,0,100,74
1,104.46,63,34,77,0,0,0,65,0,0,0,32,0,89,75
-1,104.97,39,69,71,0,0,0,58,0,0,0,33,0,78,79
-1,103.91,56,65,80,0,47,0,47,0,0,50,31,0,37,74
1,103.98,52,34,76,0,0,0,64,0,0,51,0,0,25,75
-1,104.78,46,18,76,0,51,46,78,0,0,56,0,0,54,74
1,105.04,77,50,83,0,0,0,65,0,0,0,31,0,63,74
1,106.96,71,35,100,0,0,0,85,0,0,0,33,0,80,86
1,107.63,52,25,93,0,0,0,52,0,0,0,0,0,50,78
1,107.61,42,16,89,0,0,41,87,0,0,0,0,0,25,72
1,108.03,38,17,89,0,48,0,68,0,0,0,31,0,25,78
1,108.11,49,17,85,0,0,0,49,0,0,52,64,0,51,71
1,110.08,40,18,88,0,0,0,59,0,0,0,33,0,79,75
1,109.99,68,100,84,0,41,0,45,0,0,66,0,0,36,67
1,110.32,88,33,93,0,0,59,34,0,0,33,40,0,49,75
1,110.4,52,66,81,0,0,39,41,0,0,66,53,0,40,74
-1,111.21,78,85,100,0,0,40,32,0,0,0,27,0,66,75
1,111.16,47,53,80,0,0,41,24,0,0,0,28,0,65,75
1,111.13,57,34,73,0,0,40,23,82,0,34,27,0,25,73
-1,112.11,53,0,72,0,0,38,29,79,0,32,52,0,48,67
-1,111.59,55,66,73,0,0,39,38,79,90,0,26,0,48,67
1,110.06,57,34,70,0,0,39,39,0,0,0,27,0,73,79
1,109.86,50,70,67,0,0,82,36,84,0,35,28,0,26,89
1,111.15,35,65,71,0,0,0,33,78,0,33,26,0,36,85
1,111.04,67,66,72,0,0,39,61,0,0,33,0,0,32,98
1,111.34,33,51,68,0,0,40,62,81,0,0,27,0,74,85
-1,110.79,25,70,67,0,0,41,60,0,0,0,0,0,51,80
-1,110.7,60,66,69,0,0,39,47,0,0,33,26,0,97,80
-1,110.65,40,66,71,0,0,39,36,0,90,0,0,0,40,79
-1,109.8,52,33,69,0,0,0,36,80,0,33,0,0,36,75
1,108.46,53,0,71,0,0,40,39,0,0,33,0,0,37,74
1,109.38,67,52,65,0,0,0,36,0,0,35,28,0,42,78
-1,111.41,71,33,72,0,40,39,47,79,0,0,0,0,60,67
1,109.9,74,98,72,0,40,0,44,0,0,32,26,0,60,69
-1,110.99,44,66,71,0,0,0,43,0,0,0,0,0,65,78
1,108.95,61,33,71,0,0,0,69,80,0,0,0,0,33,80
-1,111.3,57,36,66,0,0,0,41,84,0,0,28,0,52,78
1,111.85,100,33,73,0,0,0,39,0,0,0,0,0,49,73
1,112.07,73,34,72,0,0,39,44,0,0,0,0,0,74,66
-1,112.96,60,33,71,0,0,39,50,81,0,33,27,0,61,73
-1,110.71,78,68,68,0,0,40,26,0,0,34,0,0,33,68
1,109.5,60,71,66,0,0,42,27,0,0,35,0,0,26,77
-1,108.78,52,67,71,0,0,40,39,0,0,0,0,99,49,63
1,108.2,24,66,70,0,0,0,29,0,0,0,40,0,65,65
1,109.07,65,33,71,0,0,40,48,81,0,0,0,0,41,72
-1,110.54,49,34,69,0,0,60,30,0,0,0,27,0,62,70
-1,109.86,47,36,66,0,0,41,26,0,0,0,28,0,39,64
1,108.37,61,68,67,0,41,0,41,0,0,66,53,0,25,64
-1,109.05,69,68,71,0,0,0,32,0,0,0,27,0,49,67
1,108.28,45,69,69,0,0,40,40,82,0,34,0,0,50,66
1,110.37,44,56,64,0,0,86,28,0,0,0,29,0,27,62
1,112.0,29,34,71,0,0,40,39,81,0,0,27,100,62,69
1,113.09,53,68,74,0,0,40,37,0,0,34,0,0,50,63
1,113.38,66,0,72,0,0,40,33,0,0,35,28,0,38,70
1,114.36,63,69,70,0,0,0,35,84,0,34,28,0,68,64
1,114.57,83,36,69,0,0,43,44,0,100,36,29,0,70,72
-1,115.14,74,34,70,0,0,0,33,0,0,0,0,0,37,71
-1,114.99,49,0,72,0,42,0,21,0,93,33,0,0,41,67
-1,114.97,83,52,70,0,0,0,38,0,0,69,0,0,38,65
1,114.61,51,53,71,0,43,0,43,0,0,35,83,0,77,71
1,115.34,44,36,68,0,0,0,27,0,0,0,0,0,93,68
1,116.0,57,0,71,0,0,40,30,82,0,100,27,100,41,68
1,116.44,73,0,71,0,0,0,44,0,0,33,27,0,49,69
-1,117.07,53,0,72,0,42,40,28,82,0,0,0,0,33,63
1,115.3,84,35,70,0,0,41,57,0,0,0,0,0,59,70
1,116.17,56,36,67,0,44,42,30,0,99,0,28,0,79,65
1,116.41,41,34,73,0,0,0,28,0,0,0,0,0,37,62
-1,116.9,73,0,71,0,42,0,37,0,0,0,80,0,73,63
1,117.13,54,34,73,0,43,40,28,0,0,34,27,0,84,68
1,118.38,46,35,70,0,0,0,33,0,0,0,56,0,38,61
1,117.98,35,36,68,0,0,43,32,0,100,0,29,0,93,66
-1,118.17,66,0,71,0,0,41,26,0,0,34,0,0,100,64
-1,117.82,87,34,71,0,0,41,37,0,0,34,27,0,75,66
1,117.3,62,0,71,0,43,0,57,83,0,0,28,0,42,63
1,118.27,81,36,71,0,0,0,44,85,0,35,28,0,43,69
-1,118.73,53,37,69,0,44,43,42,87,0,0,43,0,62,64
1,118.0,68,0,96,0,86,36,69,0,88,42,52,0,100,71
1,118.52,47,57,97,0,0,36,46,0,0,0,51,0,30,80
-1,118.9,78,29,97,0,0,37,70,0,0,43,35,0,27,75
-1,116.92,64,93,96,0,0,38,57,0,0,45,0,0,56,81
1,115.68,59,0,92,0,0,38,41,93,0,0,37,0,42,81
-1,115.83,51,0,94,0,0,0,50,88,0,0,34,0,53,75
-1,115.52,55,72,94,0,0,0,61,0,89,0,34,0,20,73
-1,114.79,42,43,94,0,86,0,61,0,0,42,68,0,46,74
1,113.61,43,0,94,0,0,36,66,0,0,0,0,0,40,88
-1,114.76,45,30,91,0,0,38,28,92,0,44,36,0,62,87
-1,114.38,78,56,94,0,0,0,67,85,0,41,66,0,19,77
-1,113.41,65,83,94,0,0,51,73,0,0,40,65,0,19,76
1,112.51,86,28,96,0,0,35,52,0,86,41,100,0,19,70
1,112.87,37,28,94,0,0,0,38,0,0,0,50,0,39,76
-1,113.61,52,30,90,0,0,0,51,0,0,0,35,0,71,82
-1,114.57,69,27,98,0,0,0,55,0,0,41,66,0,44,72
1,113.08,78,28,98,0,0,34,52,84,0,0,66,0,29,73
1,114.35,58,28,97,0,0,0,64,0,0,0,33,0,19,73
-1,115.09,60,0,93,0,0,72,58,0,0,0,0,0,67,79
1,115.63,32,27,98,0,0,51,29,0,0,40,33,0,0,66
1,117.31,64,54,100,0,0,0,97,0,83,39,96,0,62,76
1,117.63,100,27,99,0,0,34,43,0,0,39,32,0,37,77
-1,118.8,32,27,98,0,0,34,51,0,0,40,33,0,44,82
1,118.49,80,0,90,0,0,0,61,0,88,0,34,0,49,75
-1,119.79,36,27,98,0,0,34,40,0,0,39,48,0,56,73
1,119.07,72,0,100,0,0,34,54,83,0,40,32,0,37,81
1,120.25,77,27,95,0,0,34,51,0,0,40,0,0,56,74
1,121.15,61,28,95,0,0,0,74,0,0,0,32,0,32,76
-1,121.5,47,0,89,0,0,36,38,0,0,0,51,0,49,78
1,120.43,57,27,98,0,0,34,58,83,0,0,65,0,44,78
-1,121.24,77,0,98,0,0,33,29,0,0,39,33,0,69,76
-1,120.89,93,28,97,0,0,34,48,0,0,0,33,0,38,78
1,120.6,74,28,94,0,84,0,56,0,0,41,50,0,38,70
1,119.97,51,58,91,0,87,0,50,89,0,42,0,0,33,82
1,119.39,95,27,95,0,80,33,32,0,0,39,32,0,37,73
-1,119.69,83,27,95,0,0,33,46,0,0,0,64,0,30,72
1,119.13,72,27,93,0,0,0,40,0,0,39,32,0,19,76
-1,118.71,65,27,92,0,0,34,77,0,0,0,0,0,28,77
1,118.37,63,29,88,0,0,35,64,0,0,42,0,0,26,74
1,118.56,56,0,97,0,0,0,65,0,0,0,0,0,46,72
-1,118.72,67,27,97,0,0,100,64,0,83,39,0,0,43,73
1,117.27,68,27,97,0,0,34,65,0,0,40,33,0,47,77
1,118.6,73,28,96,0,0,68,28,84,0,40,33,0,66,70
1,119.16,38,29,88,0,0,35,34,0,0,0,0,0,33,67
1,120.26,69,28,92,100,0,34,59,0,0,0,0,0,38,69
-1,121.28,56,0,92,0,0,34,51,0,0,40,32,0,57,65
1,120.86,53,27,93,0,0,34,51,0,0,40,33,0,38,69
1,120.74,49,0,97,0,0,46,22,85,0,0,33,0,57,70
-1,122.87,63,29,89,0,0,0,57,0,0,42,34,0,52,68
1,122.79,94,53,96,0,0,33,64,81,0,0,32,0,30,66
1,123.36,94,27,96,0,0,0,74,0,0,39,31,0,45,69
-1,123.43,47,40,95,0,0,33,60,81,0,39,32,0,79,70
1,122.96,44,27,95,0,0,0,61,82,0,0,0,0,43,77
1,123.05,41,56,89,0,0,0,30,0,0,0,67,0,26,78
1,124.13,62,53,94,0,0,33,42,0,0,0,47,0,18,72
1,125.08,47,26,95,0,0,0,46,0,0,39,31,0,73,72
-1,125.57,79,27,96,0,0,0,32,82,0,39,0,0,31,73
1,124.97,37,55,92,0,83,34,59,0,0,40,49,0,47,73
-1,126.76,43,0,84,0,0,0,43,0,0,43,0,0,50,75
1,125.98,67,80,96,0,0,0,36,81,0,39,63,0,55,70
1,125.75,51,53,95,0,0,0,39,0,0,39,79,0,36,81
1,126.46,66,80,98,0,0,0,42,0,81,58,63,0,73,80
-1,127.15,60,54,97,0,0,56,43,0,0,0,64,0,37,72
1,126.03,87,56,91,0,0,35,48,0,0,0,33,0,38,74
1,127.54,76,37,95,0,0,28,30,50,0,0,63,0,82,50
1,128.15,93,30,96,0,0,37,41,0,0,0,21,0,36,48
1,127.86,71,29,97,0,54,28,71,50,0,0,21,0,36,52
1,128.97,72,15,95,0,0,29,54,0,0,36,32,0,55,50
1,129.15,57,32,90,0,57,30,69,53,0,0,44,0,39,49
1,129.91,62,29,98,0,0,28,41,0,0,35,41,0,30,46
1,130.02,62,29,97,0,0,28,58,0,0,70,41,0,72,49
-1,129.5,80,29,99,0,0,28,41,50,0,70,21,0,42,48
1,129.69,54,22,96,0,53,28,41,0,0,36,21,0,42,47
1,130.36,46,15,90,0,0,43,43,0,0,36,22,0,50,55
-1,131.8,82,36,95,0,0,0,46,49,0,0,41,0,47,49
1,131.45,83,22,96,0,0,28,35,50,0,0,20,0,30,47
1,132.63,89,44,92,0,0,28,29,75,0,0,21,0,24,53
0,133.51,24,16,93,0,0,30,44,0,0,0,23,0,19,52
-1,131.67,86,14,97,0,51,0,23,48,83,34,20,0,58,51
1,126.06,83,29,98,0,0,28,46,0,0,0,0,0,53,52
1,125.95,75,0,97,0,0,0,29,0,0,0,31,0,65,52
1,126.4,36,22,95,0,53,0,47,0,0,0,42,0,48,49
1,128.19,55,46,91,0,0,29,43,0,0,0,21,0,56,51
1,128.5,83,14,97,0,0,28,29,0,84,69,42,0,36,50
-1,128.06,79,15,96,0,52,0,52,0,0,35,41,0,36,47
-1,128.74,80,15,94,0,0,0,41,0,0,0,21,0,24,50
-1,126.63,55,53,92,0,54,0,54,0,0,0,43,0,18,49
-1,127.03,47,32,86,0,0,59,69,0,0,38,0,0,32,51
1,126.8,36,15,93,0,53,0,53,0,0,0,21,0,30,49
1,130.42,54,15,94,0,0,0,72,0,0,36,32,0,73,50
1,131.48,69,23,91,0,55,0,61,0,0,36,21,0,62,50
1,135.06,89,16,87,0,0,29,19,0,0,37,44,0,69,50
-1,136.78,74,49,81,0,58,31,39,0,0,39,23,0,66,52
-1,137.1,35,0,77,0,0,31,52,0,0,0,23,0,61,51
-1,137.23,33,18,69,0,0,0,73,0,0,0,0,0,30,51
1,137.3,25,17,79,0,0,32,40,0,0,40,24,0,62,54
1,138.78,44,17,81,0,0,0,59,56,94,0,46,0,100,50
1,139.08,44,32,81,0,0,30,51,0,93,39,23,0,52,49
1,140.0,86,53,71,0,0,51,57,61,0,43,51,0,58,53
1,138.05,51,16,88,0,0,29,37,0,0,37,33,0,38,51
1,138.37,41,38,83,0,55,29,61,0,0,37,43,0,56,54
-1,138.75,31,15,92,0,53,28,53,0,0,0,21,0,36,52
1,137.45,52,43,93,0,51,100,69,0,0,0,20,0,59,52
-1,137.48,65,15,95,0,52,41,69,0,0,0,41,0,41,51
-1,137.02,48,29,95,0,0,55,52,0,0,0,0,0,53,53
-1,136.95,59,45,92,0,54,47,53,0,0,0,32,0,27,49
-1,135.81,68,100,96,0,0,54,45,0,0,34,20,0,29,51
1,135.11,30,21,98,0,0,72,40,0,0,34,0,0,35,49
1,137.77,77,28,96,0,52,27,45,0,0,0,40,0,61,48
1,137.74,56,36,97,0,0,27,57,0,82,34,0,0,44,55
-1,137.98,49,15,92,0,0,37,82,100,0,71,21,0,66,56
-1,138.45,84,14,98,0,0,26,61,47,80,34,0,0,51,52
-1,137.35,72,43,100,0,0,0,17,48,0,100,20,0,57,63
-1,135.64,52,29,97,0,0,27,34,48,0,0,60,0,41,67
-1,133.73,66,73,92,0,52,28,81,49,0,0,31,0,42,75
-1,130.02,100,42,97,0,50,26,50,0,80,0,0,0,51,75
1,129.43,67,28,97,0,0,79,89,47,0,33,39,0,62,68
1,130.1,55,42,99,0,0,0,56,48,0,34,20,0,75,71
-1,129.96,82,22,100,0,0,81,63,49,0,35,20,0,58,77
1,126.6,58,30,92,0,0,28,100,50,0,0,21,0,48,81
-1,128.22,63,35,99,0,0,0,56,0,0,0,79,0,51,67
1,126.09,67,28,99,0,100,79,67,47,0,50,20,0,40,68
-1,128.01,85,28,98,0,51,27,45,48,0,34,20,0,60,68
1,127.6,87,29,100,0,69,0,77,65,0,0,27,0,31,63
1,129.57,67,32,94,0,0,30,38,0,0,0,0,0,39,62
1,129.65,67,8,88,0,0,65,55,50,0,0,33,0,21,44
1,129.7,63,13,89,0,46,33,33,0,0,39,33,0,32,48
1,130.34,67,18,87,0,0,33,38,50,0,39,66,0,37,45
1,129.29,64,14,86,0,0,33,42,0,0,0,0,0,19,48
1,129.77,28,13,78,0,0,35,33,0,0,0,0,0,40,47
-1,132.31,93,3,88,0,0,33,26,50,0,39,49,0,28,47
-1,131.33,49,9,88,0,0,50,29,0,100,0,50,0,38,46
1,130.65,65,5,89,0,0,0,32,0,0,60,0,0,29,49
1,131.56,55,14,86,0,0,35,23,53,0,0,35,0,25,50
1,131.89,71,10,87,0,0,0,13,50,0,0,33,0,23,47
1,132.27,75,10,91,0,0,0,33,0,0,0,33,0,42,49
-1,133.13,82,9,88,0,0,0,33,0,0,0,33,0,42,50
1,132.63,61,6,86,0,0,33,27,0,0,39,100,0,28,45
1,134.19,44,11,85,0,0,0,26,0,0,0,53,0,39,51
-1,133.07,53,11,84,0,0,33,31,0,100,0,34,0,28,50
1,131.92,62,18,88,0,0,34,20,52,0,40,34,0,53,52
1,132.66,49,18,90,0,0,66,16,0,0,40,34,0,14,49
-1,134.37,54,10,89,0,48,0,29,0,0,0,68,0,14,52
-1,134.88,44,11,82,0,0,0,28,0,0,42,35,0,35,50
-1,133.98,68,16,86,0,0,0,29,0,0,0,33,0,24,47
-1,133.73,64,25,87,0,0,0,31,0,0,39,0,0,28,50
1,132.07,98,15,89,0,0,33,31,0,0,39,33,0,61,53
-1,133.19,69,11,89,0,0,66,29,0,0,40,34,0,33,65
-1,130.08,59,20,81,0,0,35,59,0,0,0,35,0,30,65
1,130.66,68,18,87,0,47,33,49,0,0,40,0,0,38,61
1,132.49,75,23,87,0,0,33,44,50,0,39,33,0,49,60
-1,132.75,98,25,91,0,0,33,33,0,0,39,33,0,28,59
1,131.15,61,20,88,0,0,0,38,0,0,40,34,0,48,65
-1,133.58,59,40,80,0,100,0,56,53,0,42,0,0,49,71
-1,133.32,56,23,89,0,47,32,39,0,0,0,33,0,14,63
1,133.66,66,35,88,0,93,32,50,49,0,0,97,0,32,61
-1,134.66,37,31,91,0,0,49,48,50,0,0,33,0,42,68
1,132.82,65,23,88,0,0,33,76,0,0,40,34,0,14,67
1,133.58,75,36,83,0,0,0,58,0,0,41,35,0,15,78
1,134.61,41,18,87,0,0,0,62,50,0,0,33,0,63,65
1,135.88,71,30,87,0,0,0,42,50,0,39,98,0,37,66
1,135.99,65,23,89,0,0,67,52,0,0,40,34,0,33,67
-1,136.22,53,45,89,0,0,33,58,0,0,0,67,0,71,70
-1,136.9,51,44,81,0,49,0,63,53,0,41,35,0,64,79
-1,135.81,60,42,91,0,47,32,55,50,0,39,33,0,32,70
1,134.44,63,29,89,0,46,32,44,0,0,39,0,0,19,70
1,135.0,72,24,90,0,0,0,62,0,0,40,33,0,28,71
-1,135.73,81,43,88,0,0,0,52,0,0,40,0,0,43,78
-1,133.37,60,38,84,0,0,35,88,0,0,42,35,0,22,80
-1,133.45,50,48,88,0,0,50,63,51,0,0,34,0,21,71
1,133.27,84,42,89,0,48,66,52,0,0,0,0,0,21,74
1,135.17,78,36,89,0,97,0,59,0,0,40,69,0,48,79
1,137.3,73,65,84,0,0,0,81,54,0,42,35,0,25,79
1,137.25,69,61,83,0,0,35,77,0,0,42,0,0,30,87
1,138.5,71,37,89,0,0,32,49,49,99,39,65,0,28,73
-1,138.81,49,46,90,0,47,33,71,51,0,0,50,0,38,77
1,136.38,100,45,88,0,0,100,64,52,0,40,34,0,53,83
1,136.5,48,50,88,0,0,0,64,53,0,42,71,0,45,91
-1,137.43,93,54,91,0,46,33,48,50,0,58,33,0,46,79
-1,137.87,56,68,91,0,0,32,55,50,0,39,66,0,32,83
1,137.63,61,64,88,0,0,33,38,0,0,0,0,0,57,75
1,139.5,54,62,86,0,0,0,76,0,0,44,0,0,42,87
-1,141.63,69,90,84,0,0,0,98,0,0,42,36,0,40,88
1,139.14,42,51,92,0,48,33,52,0,0,40,34,0,28,75
-1,140.28,75,71,96,0,47,33,73,100,0,0,33,0,33,85
1,139.98,52,63,93,0,47,0,51,0,0,39,33,0,33,78
-1,140.88,61,93,96,0,48,0,79,51,0,40,0,0,29,86
1,140.56,48,95,100,0,50,0,77,0,0,0,69,0,49,89
1,141.78,56,20,97,100,0,0,50,0,0,36,17,0,82,51
-1,143.0,34,28,100,0,31,24,48,41,72,0,17,0,16,54
-1,142.48,26,29,94,0,31,0,39,0,0,36,18,0,50,52
-1,141.56,31,30,95,0,0,0,43,0,0,75,36,0,25,56
1,140.93,40,38,90,0,32,25,51,0,75,0,18,0,78,56
1,140.07,26,38,98,0,46,24,40,0,73,0,27,0,42,50
-1,141.6,30,35,96,0,31,47,43,41,0,0,35,0,66,48
1,139.77,38,22,90,0,0,0,27,0,0,0,58,0,54,51
-1,140.71,43,36,99,0,0,0,38,46,0,41,0,0,28,53
1,140.23,74,29,87,0,0,0,42,0,0,0,62,0,48,52
-1,141.5,47,23,84,0,0,0,31,0,0,0,77,0,36,52
-1,141.81,47,27,85,0,0,0,22,0,0,40,29,0,54,53
1,141.5,54,42,80,0,0,27,9,0,0,41,100,0,56,54
1,142.11,30,49,78,0,0,0,55,48,0,0,62,0,39,60
1,142.27,38,64,83,0,0,0,43,45,0,80,20,0,74,57
1,142.08,66,35,84,0,0,0,29,0,0,0,0,0,36,54
-1,142.91,47,25,85,0,33,26,49,91,0,40,39,0,55,54
1,142.76,39,27,86,0,0,27,32,0,0,41,20,0,47,55
1,143.99,26,34,79,0,36,0,34,98,0,0,63,0,69,58
1,144.64,78,37,83,0,0,0,39,0,0,0,30,0,75,56
0,144.97,39,31,88,0,0,27,46,0,0,42,20,0,57,55
-1,144.66,63,25,91,0,0,0,54,0,0,0,20,0,56,53
-1,144.95,34,40,96,0,35,27,37,0,0,83,30,0,56,56
1,143.19,35,33,89,0,0,0,45,48,0,0,0,0,78,53
1,142.93,24,47,90,0,0,26,45,0,80,0,59,0,37,57
1,143.01,14,29,91,0,34,26,45,46,0,40,30,0,37,57
1,143.93,58,19,90,0,34,27,50,0,0,41,30,0,47,53
-1,144.53,35,30,89,0,0,27,54,47,0,0,21,0,19,55
1,144.54,26,45,82,0,36,56,56,49,0,0,21,0,79,59
-1,145.1,49,33,92,0,0,54,41,93,82,0,0,0,56,58
-1,143.71,39,30,93,0,0,0,36,46,0,0,0,0,28,56
1,143.0,53,38,93,0,0,27,34,0,0,0,0,0,56,61
-1,143.75,34,36,91,0,0,54,35,0,0,42,40,0,19,56
1,143.17,47,40,85,0,0,29,58,0,0,0,21,0,40,58
-1,143.92,49,28,92,0,0,27,32,47,81,41,20,0,47,52
1,143.41,34,30,91,0,35,0,46,70,0,41,40,0,38,55
1,144.23,64,44,91,0,0,0,44,0,0,0,31,0,67,57
1,145.25,41,40,86,0,36,56,33,49,0,43,0,0,59,64
-1,145.48,78,30,88,0,69,0,41,46,0,41,20,0,56,54
-1,145.22,38,33,93,0,34,0,30,46,0,41,30,0,19,58
-1,144.78,49,26,89,0,35,27,34,47,0,41,30,0,66,50
1,143.5,49,43,87,0,35,27,35,47,0,62,41,0,19,61
1,144.14,36,36,77,0,36,0,46,0,0,0,21,0,20,66
1,144.99,49,42,87,0,35,0,43,0,0,41,20,0,75,60
1,145.0,29,29,83,0,35,0,41,46,0,41,0,0,37,60
1,145.28,60,32,82,0,0,0,45,0,0,42,0,0,39,58
-1,145.33,40,37,82,0,0,0,40,71,0,42,41,0,57,68
1,143.83,62,46,77,0,0,28,24,0,0,0,21,0,40,72
-1,144.66,29,53,81,0,68,26,62,47,0,41,20,0,56,70
1,144.89,39,47,84,0,34,0,64,47,0,0,0,0,28,68
-1,145.34,20,40,84,0,0,0,40,48,0,42,21,0,48,64
-1,145.51,50,33,82,0,0,27,28,0,0,42,31,0,48,64
-1,145.66,47,18,79,0,0,0,34,0,0,44,0,0,20,58
1,144.92,25,11,82,0,35,27,42,47,0,84,0,0,57,47
-1,145.22,64,11,81,0,0,27,44,0,0,41,20,0,48,47
-1,144.26,35,8,84,0,35,0,46,0,0,0,20,0,77,47
-1,143.33,35,10,82,0,0,0,37,47,84,42,81,0,38,50
-1,140.15,46,15,78,0,0,0,51,49,0,0,0,0,80,51
1,140.15,49,52,80,0,35,0,41,47,0,83,20,0,57,68
-1,140.62,58,54,83,0,0,0,48,94,82,41,0,0,38,73
1,139.14,49,79,85,0,0,54,62,47,0,0,0,0,47,95
-1,140.05,42,92,86,0,100,39,100,68,0,0,29,0,82,100
1,139.3,21,56,79,0,0,0,49,100,0,0,22,0,100,87
-1,140.93,55,69,91,0,73,0,87,44,0,0,54,0,26,100
1,140.62,42,86,90,0,71,35,85,44,0,0,26,0,59,100
1,141.35,37,80,91,0,72,35,63,41,0,0,53,0,17,92
1,142.0,25,75,90,0,0,36,100,48,0,16,27,0,26,92
-1,142.81,26,100,84,0,79,39,100,45,0,0,48,0,65,94
1,142.75,61,72,94,0,0,0,78,35,0,31,40,0,34,83
-1,144.47,30,87,94,0,0,35,77,70,0,26,0,0,42,81
1,143.86,73,61,93,0,0,36,49,18,0,31,27,0,17,82
-1,144.78,67,60,91,0,71,0,68,23,0,23,27,0,17,76
-1,144.5,70,51,89,0,0,0,59,37,0,40,28,0,53,89
1,144.66,42,54,91,0,0,0,59,17,0,30,65,0,50,76
-1,145.0,36,34,97,0,0,0,78,17,0,15,25,0,41,73
-1,144.43,76,43,97,0,0,35,76,23,0,0,39,0,25,69
1,143.32,84,42,93,0,71,35,54,26,0,0,35,0,25,67
-1,144.06,63,56,88,0,0,0,77,36,0,16,28,0,35,70
1,143.3,69,39,97,0,69,0,66,17,0,15,50,0,24,60
-1,144.47,70,30,100,0,69,0,41,23,0,25,68,0,33,62
-1,144.21,59,30,99,0,0,0,60,34,85,29,26,0,33,58
1,143.64,80,35,93,0,72,35,55,44,0,36,27,0,34,57
1,144.41,40,38,99,0,69,0,55,22,0,20,25,0,41,57
-1,144.7,51,57,100,0,0,33,43,33,81,24,41,0,48,58
1,144.63,52,39,100,0,0,0,60,17,84,44,38,0,24,55
1,143.99,52,39,98,0,69,34,55,17,0,34,0,0,24,54
-1,144.45,54,37,93,0,0,35,43,18,0,51,53,0,68,56
1,144.17,69,32,100,0,0,33,54,22,0,49,38,0,48,55
1,143.8,63,39,98,0,0,33,49,33,0,53,100,0,48,55
1,144.92,92,37,97,0,0,33,43,25,0,22,25,0,24,49
1,145.7,41,43,96,0,0,34,33,17,0,44,0,0,24,51
-1,147.42,48,40,91,0,0,35,77,18,0,0,40,0,51,52
-1,146.92,57,41,99,0,0,33,51,33,0,29,37,0,32,50
-1,145.23,63,62,96,0,0,33,67,33,0,63,25,0,32,56
1,144.17,63,64,98,0,0,34,79,42,0,73,25,0,49,54
-1,144.41,76,55,95,0,0,0,38,17,0,74,51,0,65,56
-1,142.52,42,35,89,100,72,35,74,23,0,61,53,0,42,52
1,140.94,63,43,96,0,68,0,49,25,0,43,0,100,48,45
-1,142.5,63,38,95,0,0,0,35,0,0,53,0,0,24,50
-1,141.16,69,50,93,0,0,33,71,17,0,49,25,0,40,52
1,138.57,70,39,92,0,0,34,39,0,0,35,34,0,25,43
1,139.33,50,49,86,0,0,0,47,0,0,26,27,0,35,53
-1,140.55,52,27,94,0,69,100,24,17,84,43,50,0,32,48
-1,138.82,74,37,96,0,0,33,43,17,0,58,25,0,32,49
1,138.25,69,34,96,0,0,33,35,33,0,48,25,0,16,47
-1,141.15,58,42,93,0,68,33,46,0,0,39,50,0,0,48
-1,139.33,24,23,88,0,71,52,40,17,0,40,0,0,25,49
-1,134.26,57,50,94,94,0,33,43,41,0,43,25,0,32,45
1,133.65,56,36,99,0,0,65,42,16,0,33,24,0,47,48
1,132.56,74,29,95,0,66,0,40,0,0,67,49,0,55,48
1,133.42,45,30,95,0,68,33,48,0,0,34,25,0,16,46
1,135.75,41,29,89,0,70,0,53,0,0,35,78,0,41,47
1,137.15,90,17,95,0,0,65,42,16,0,36,25,0,79,41
1,138.4,67,39,95,0,0,0,34,16,0,57,24,0,39,48
-1,140.9,62,67,93,0,0,0,43,16,0,100,25,0,16,45
1,141.92,81,45,92,0,68,0,46,17,0,44,50,0,73,49
1,145.0,42,44,86,0,0,0,59,34,0,40,26,0,100,48
1,148.09,45,42,95,0,0,0,40,16,0,94,24,0,31,44
1,149.83,100,37,96,0,0,0,26,16,0,56,73,0,86,45
-1,151.39,74,34,93,0,0,33,29,0,0,48,25,0,32,47
1,150.49,40,33,92,0,0,33,32,0,0,58,25,0,32,48
-1,153.83,18,27,85,0,0,0,26,17,0,61,53,0,51,48
1,153.14,56,23,95,0,100,0,40,0,0,52,25,0,24,41
1,153.92,55,26,97,0,0,0,24,16,0,42,36,0,39,46
1,155.68,78,20,98,0,66,0,34,16,0,49,24,0,23,42
1,155.69,72,31,95,0,0,33,58,16,0,14,33,0,24,46
1,156.15,41,17,91,0,0,0,25,34,0,25,51,0,33,40
1,156.25,60,50,97,100,0,0,91,0,0,35,71,0,35,76
-1,157.95,80,56,97,0,0,0,81,0,0,59,0,0,49,85
1,156.65,55,46,97,0,0,68,61,0,0,70,36,0,63,76
1,158.0,90,48,95,0,0,0,55,0,0,58,35,0,84,78
1,158.53,57,48,89,0,0,0,53,41,0,85,37,0,51,75
1,158.09,69,52,99,0,0,0,61,0,0,46,71,0,49,74
1,158.88,96,41,100,0,0,0,35,43,0,75,57,0,67,72
-1,159.33,82,33,97,0,0,0,33,41,0,72,73,0,94,76
1,158.19,55,36,93,0,0,0,62,0,0,35,36,0,49,76
-1,160.31,47,34,90,0,83,0,37,83,0,37,74,0,37,73
-1,160.16,54,31,98,0,0,33,70,0,0,80,35,0,72,73
-1,159.0,44,47,97,97,0,0,45,59,0,46,35,0,51,74
1,157.97,75,40,93,0,0,34,52,0,0,23,71,0,49,78
1,159.58,37,42,91,0,0,36,64,0,0,49,0,0,44,78
-1,158.35,29,48,99,0,0,0,44,0,0,34,0,0,61,68
1,158.78,97,33,96,96,78,0,41,0,0,68,35,0,51,70
1,161.1,50,50,98,0,0,0,35,59,0,70,35,0,63,77
1,162.0,85,44,96,0,0,34,52,40,96,47,36,0,91,77
-1,162.4,68,48,89,0,0,0,50,0,0,24,37,0,33,77
-1,162.1,50,73,98,0,0,34,49,0,0,35,36,0,74,70
1,159.89,99,47,100,0,0,0,48,39,0,35,0,0,62,76
-1,160.71,85,46,97,0,0,34,65,0,0,35,36,0,35,75
-1,159.18,81,55,96,0,0,0,52,40,0,47,72,0,64,75
-1,158.56,48,51,89,0,85,36,51,85,0,24,0,0,44,80
-1,158.12,45,52,92,0,0,33,55,0,0,35,0,0,31,72
1,157.26,100,58,93,0,0,0,42,40,0,23,0,0,42,70
1,159.29,87,43,92,0,82,0,36,41,0,84,36,0,43,79
1,162.4,78,61,92,0,0,35,54,42,100,74,37,0,55,75
1,164.78,49,79,82,0,87,0,64,87,0,77,39,0,77,78
1,166.22,37,58,84,0,0,0,38,43,0,75,38,0,52,75
-1,168.02,25,71,79,0,0,0,50,0,0,65,40,0,85,81
1,166.17,31,42,69,0,0,0,60,49,0,29,0,0,52,80
-1,167.34,36,59,79,0,0,81,46,47,0,42,0,0,50,81
1,166.3,80,51,87,0,85,36,38,0,0,50,0,0,22,76
-1,166.55,16,54,83,0,0,0,81,44,0,38,58,0,57,79
-1,166.0,54,53,69,0,0,0,63,0,0,28,43,0,51,81
-1,164.71,55,49,83,0,0,0,43,0,0,51,59,0,85,77
-1,163.0,30,45,89,0,0,100,41,59,0,69,70,0,41,79
-1,160.82,69,42,92,0,0,34,45,39,0,35,35,0,42,73
-1,159.9,92,37,93,0,77,49,50,0,0,23,0,0,94,77
1,160.65,82,62,91,0,78,33,47,0,0,91,34,0,61,78
-1,163.85,75,66,88,0,0,51,55,40,0,35,36,0,56,77
-1,162.39,62,75,93,0,0,64,74,38,0,44,34,0,54,78
-1,162.23,57,65,93,0,0,32,52,57,0,67,51,0,100,80
1,159.04,38,77,93,0,0,33,53,38,0,22,0,0,90,82
-1,160.89,92,56,97,0,0,66,75,39,0,68,69,0,34,78
1,159.86,82,34,90,0,0,34,22,0,0,69,0,0,55,77
-1,162.72,66,42,98,0,0,32,37,38,0,22,0,0,60,76
1,161.66,57,51,97,92,76,32,33,38,0,87,34,0,53,79
1,163.26,95,71,96,0,0,32,49,38,0,22,34,0,93,80
-1,165.75,89,61,93,0,0,34,64,40,0,35,0,0,28,81
1,163.62,61,51,95,0,0,64,46,0,0,44,67,0,39,79
1,162.31,47,51,99,0,75,0,79,0,0,76,100,0,72,81
-1,164.61,99,43,100,0,0,32,67,37,0,33,34,0,46,76
1,164.07,52,57,98,0,0,32,43,76,0,22,0,0,70,85
-1,164.75,59,63,91,0,0,50,48,79,0,68,0,0,48,84
1,162.12,63,56,97,0,0,0,52,0,0,22,33,100,46,83
1,165.17,89,92,99,0,0,0,42,56,0,87,67,0,98,91
-1,165.78,66,53,99,0,0,32,30,38,0,33,0,0,79,86
1,165.31,86,82,98,0,0,65,43,38,0,100,34,0,66,82
-1,166.23,79,97,91,0,0,34,54,40,0,81,35,0,55,95
1,164.38,37,95,85,0,79,33,54,14,0,68,0,0,26,75
1,165.4,31,81,84,0,0,0,60,0,0,34,25,0,68,71
-1,164.52,42,77,83,0,0,34,61,0,0,68,50,0,43,77
1,164.93,58,74,82,0,0,34,66,14,85,52,50,0,43,76
1,165.9,50,97,78,0,0,0,83,15,0,36,40,0,54,75
1,165.94,49,91,83,0,0,35,71,22,0,53,39,0,47,81
1,166.34,53,71,85,0,0,34,58,14,0,17,51,0,39,74
-1,167.4,48,75,84,100,0,34,62,37,0,35,39,0,26,77
1,166.74,44,94,78,0,0,0,76,0,0,45,27,0,32,83
1,168.14,41,77,85,0,77,33,57,0,0,42,25,0,51,71
1,168.27,89,81,85,0,78,33,60,28,0,25,37,0,38,75
-1,168.97,63,91,85,0,0,0,53,35,0,34,25,0,55,77
1,168.85,74,75,85,0,0,34,69,0,0,52,76,0,26,74
-1,169.66,71,81,79,0,0,35,52,29,0,44,0,0,33,73
1,168.16,57,52,85,0,0,55,53,21,0,50,0,0,51,77
-1,169.57,36,85,86,0,0,0,92,28,0,34,0,0,59,80
-1,168.26,36,53,87,97,0,0,57,28,0,68,25,0,51,73
1,167.21,63,52,84,0,0,100,50,0,0,34,50,0,64,79
-1,166.5,44,79,78,0,0,0,91,15,0,36,27,0,32,82
1,164.72,37,64,86,0,0,33,64,28,0,51,0,0,51,75
-1,164.81,62,77,87,0,0,0,49,0,0,17,75,0,30,75
-1,162.7,53,61,89,0,79,50,46,21,0,68,25,0,21,74
1,162.59,100,67,85,0,0,34,58,29,0,43,25,0,77,79
-1,164.02,54,67,80,0,0,52,56,22,0,18,39,0,44,80
1,163.58,78,71,87,0,0,0,71,49,0,25,25,0,47,89
-1,165.52,37,75,86,0,0,68,43,29,0,60,0,0,21,92
1,163.16,73,73,84,0,78,33,69,21,0,34,75,0,51,91
-1,166.16,36,82,83,0,0,33,50,42,0,68,62,0,34,91
1,166.09,70,62,78,0,0,0,55,15,0,26,77,0,35,96
-1,166.83,21,80,86,0,0,33,53,14,0,17,37,0,89,88
1,165.58,78,64,87,0,0,33,60,14,0,50,62,0,55,89
-1,166.24,61,89,83,0,0,48,73,21,0,87,73,0,19,92
1,162.0,36,63,85,0,0,0,86,41,0,29,43,0,78,85
1,162.36,44,47,81,0,0,0,67,0,0,36,52,0,22,92
1,164.2,57,58,84,0,0,0,50,28,0,68,25,0,60,87
-1,165.41,32,97,86,0,0,34,61,29,84,86,77,0,13,94
-1,164.29,75,80,83,99,0,51,88,15,0,17,0,0,30,90
-1,163.38,50,71,81,0,0,0,84,15,0,36,27,0,32,86
1,161.66,39,73,78,0,0,36,61,15,0,55,53,0,23,94
1,165.4,52,59,85,0,0,0,49,14,0,51,0,0,38,84
1,166.21,53,50,86,0,0,0,61,29,0,26,25,0,39,86
1,166.25,85,50,85,0,0,34,61,14,0,26,51,0,39,86
-1,167.5,44,83,82,0,0,0,76,15,0,81,0,0,34,91
-1,166.76,52,78,87,0,0,0,50,29,0,43,50,0,43,95
1,165.32,73,61,87,0,78,0,39,35,0,42,75,0,21,98
-1,166.72,58,61,88,0,79,33,68,100,0,25,0,0,43,100
1,165.73,58,55,88,0,0,33,100,28,84,59,38,0,51,88
-1,164.53,66,28,82,0,0,35,60,45,0,71,0,0,31,84
1,163.0,42,50,88,0,0,0,68,35,0,34,25,0,34,78
-1,165.65,47,45,88,0,0,0,90,21,0,34,25,0,51,75
1,163.81,62,26,90,0,0,0,89,35,0,17,100,0,30,82
1,159.54,96,47,89,0,0,34,25,36,0,35,51,0,100,79
-1,159.81,71,30,82,0,0,0,52,30,0,27,0,0,54,79
-1,159.48,36,40,93,0,0,0,53,42,0,34,0,0,25,77
1,157.69,73,38,92,0,0,33,42,14,0,17,0,0,46,71
-1,157.42,73,53,91,0,0,0,68,35,0,51,25,0,38,76
-1,156.82,54,58,89,0,0,35,81,15,0,26,52,0,33,81
1,156.79,30,43,95,0,0,38,94,16,0,39,28,0,29,81
1,158.4,47,56,100,0,0,33,43,29,0,0,0,0,30,74
-1,158.86,57,41,96,0,0,50,64,28,0,34,37,0,47,73
-1,157.92,63,43,97,0,79,100,36,21,84,17,50,0,21,73
1,157.23,53,39,98,0,0,34,62,29,0,0,26,0,52,71
1,160.25,78,54,89,0,0,35,68,23,0,18,27,0,20,76
-1,160.26,92,56,98,0,0,0,50,9,0,25,33,0,55,84
1,158.71,79,65,100,0,0,0,66,13,81,25,64,0,82,85
1,160.43,63,45,93,0,0,0,42,35,0,32,33,0,28,86
1,162.09,77,24,97,0,39,42,77,35,0,0,33,0,37,82
1,163.15,92,52,77,0,41,43,100,18,0,20,34,0,67,87
-1,163.0,66,44,81,0,0,41,61,26,0,37,32,0,36,76
1,163.07,58,49,81,0,38,41,73,25,0,47,32,0,63,78
-1,162.42,78,65,81,0,0,41,62,43,0,28,0,0,18,79
1,161.9,55,36,80,0,0,0,67,26,0,39,33,0,46,78
-1,161.99,57,42,73,0,0,0,35,18,0,30,0,0,39,88
-1,160.98,57,62,79,0,0,40,69,34,0,37,32,0,45,80
1,159.82,25,28,79,0,38,0,53,21,0,25,0,0,72,76
1,160.35,62,82,79,0,0,83,91,9,0,19,49,0,55,78
-1,160.44,92,52,72,0,0,0,69,23,0,20,34,0,57,100
-1,159.1,78,30,77,0,0,0,78,43,0,25,32,0,54,80
1,158.28,33,35,80,0,0,0,74,21,0,25,65,0,72,78
1,159.61,62,37,77,0,0,0,58,26,0,44,65,0,27,81
-1,159.51,65,44,76,0,0,86,78,18,0,46,34,0,38,82
-1,157.5,89,52,72,0,0,44,53,50,0,0,0,0,68,90
1,156.5,66,25,79,0,0,0,61,30,0,31,32,0,54,79
1,156.85,41,19,80,0,0,0,62,25,0,19,32,0,18,76
1,156.95,100,28,79,0,38,41,54,34,0,57,33,0,36,75
1,159.12,38,45,78,0,0,0,59,26,0,48,66,0,38,81
-1,159.85,57,35,73,0,0,0,61,18,0,40,35,0,38,76
-1,157.08,53,39,77,0,0,0,37,55,0,28,32,0,27,84
1,155.49,70,30,78,0,0,41,41,38,0,19,48,0,27,80
1,156.6,80,38,79,0,39,83,37,30,0,45,0,0,37,74
1,157.59,77,26,77,100,0,63,55,66,84,19,100,0,83,76
-1,159.36,93,27,74,0,0,66,46,73,0,20,52,0,39,73
-1,159.85,79,31,79,0,39,42,54,39,0,25,33,0,82,73
-1,160.41,96,26,80,0,38,83,74,47,0,0,33,0,64,73
-1,159.68,76,38,79,0,0,0,21,52,0,26,33,0,46,77
-1,157.85,60,31,77,0,0,0,51,40,0,19,33,0,37,76
1,156.16,92,25,73,0,40,0,52,36,0,20,34,0,19,75
-1,155.92,80,26,78,0,39,0,42,35,0,29,33,0,74,74
-1,155.0,76,38,77,0,0,0,88,30,0,32,65,0,64,79
-1,156.13,51,100,76,0,0,0,46,31,0,32,50,0,56,79
-1,156.08,60,94,76,0,0,0,55,49,85,39,33,0,19,78
1,153.89,50,28,76,0,38,0,99,21,0,47,33,0,27,69
1,155.14,54,30,79,99,0,0,54,39,0,32,32,0,27,77
-1,154.08,62,33,78,0,0,0,66,60,0,38,49,0,63,78
-1,154.59,64,45,77,0,0,0,38,48,0,39,33,0,56,74
1,154.74,57,15,74,0,40,0,39,32,87,30,0,0,77,74
1,156.42,62,35,78,0,0,0,57,38,0,38,0,0,27,69
1,156.49,44,33,79,0,0,42,59,39,0,57,0,0,55,72
-1,156.57,46,28,78,0,0,84,54,48,0,38,33,0,64,69
-1,157.58,78,36,76,0,0,43,39,54,0,59,34,0,28,69
1,156.5,50,41,70,0,42,0,68,47,90,34,0,0,40,78
1,156.77,62,45,77,0,0,0,61,41,0,20,52,0,86,73
-1,156.75,59,43,78,0,0,0,42,57,0,39,0,0,46,73
-1,155.59,59,36,78,0,0,42,55,70,0,26,33,0,56,75
-1,151.92,93,43,78,0,0,0,51,52,0,29,33,0,46,75
1,148.86,57,47,73,0,0,0,70,55,0,100,34,0,58,84
1,148.64,50,42,80,0,38,0,41,77,0,19,32,0,82,80
1,148.85,46,61,80,0,0,0,62,90,0,19,49,0,45,76
1,151.44,75,47,79,0,0,0,54,91,0,38,33,0,100,72
1,151.0,64,50,76,0,0,0,55,52,84,32,33,0,46,74
-1,152.53,53,52,72,0,41,0,53,100,0,30,34,0,96,83
-1,150.79,80,40,76,0,0,42,54,56,0,64,33,0,73,72
-1,150.93,59,45,79,0,78,42,46,52,0,25,0,0,46,75
-1,151.85,72,38,78,0,0,0,51,53,0,26,67,0,56,80
-1,150.89,64,36,78,0,40,0,76,66,0,33,50,0,57,75
1,148.48,62,40,73,0,0,0,88,78,0,50,52,0,39,75
1,150.0,76,23,88,0,34,0,43,20,0,22,22,11,27,47
-1,150.0,52,17,88,0,0,45,51,26,0,19,22,5,22,49
1,147.24,64,20,91,0,0,0,40,29,0,19,22,10,45,47
-1,148.0,59,23,88,0,0,0,48,45,0,20,0,15,32,49
1,147.66,49,31,81,0,0,94,41,37,0,20,23,17,38,50
1,147.43,46,27,90,0,34,0,51,38,0,12,22,15,27,48
-1,148.63,23,20,93,0,33,66,58,29,0,21,44,10,35,48
-1,146.2,70,24,92,0,0,45,63,28,0,19,22,20,36,47
-1,144.51,47,21,89,0,34,0,31,28,0,24,22,8,36,46
-1,143.52,30,19,85,0,35,46,61,34,0,19,0,17,46,48
1,137.12,56,26,97,0,0,43,23,30,0,26,21,18,52,51
-1,141.86,34,21,96,0,66,0,38,37,0,13,22,20,100,52
1,140.0,57,19,100,0,67,0,46,34,0,8,44,17,31,52
1,143.75,63,24,100,0,0,45,47,37,0,19,22,15,71,55
1,143.02,36,29,90,0,35,0,40,34,0,17,68,17,37,55
-1,143.0,67,27,91,0,33,0,30,31,0,16,29,14,26,50
-1,139.48,100,27,95,85,33,43,30,19,0,15,32,18,47,47
1,140.54,34,30,96,86,33,0,38,26,0,8,22,10,26,50
-1,141.94,74,34,97,0,33,44,8,40,0,13,54,11,35,52
-1,139.94,88,37,86,0,0,0,39,28,0,29,0,12,40,48
1,142.05,50,56,93,0,0,0,52,51,0,13,21,18,30,52
-1,144.86,77,40,95,0,0,0,34,57,0,31,21,18,39,52
-1,141.0,45,59,94,0,0,44,23,50,0,16,0,9,9,50
1,140.61,47,55,89,0,34,45,27,61,0,20,22,20,27,51
-1,141.52,60,41,95,0,33,43,56,51,0,8,42,20,21,52
1,141.56,71,59,92,0,0,0,22,57,0,18,53,20,25,52
1,143.51,94,58,96,0,65,0,30,73,0,21,42,15,21,51
-1,143.81,67,57,91,0,33,0,60,52,0,18,22,19,30,54
-1,141.17,40,59,86,0,34,45,27,60,0,16,33,16,18,53
-1,140.5,93,57,93,0,0,42,66,52,0,20,35,14,17,46
-1,138.27,28,63,95,0,0,86,41,56,0,20,0,24,60,53
-1,138.53,94,67,93,0,0,0,19,49,0,21,64,32,30,53
1,136.63,63,56,91,87,67,44,38,41,0,32,44,20,31,54
-1,139.62,70,53,84,0,0,0,28,39,0,27,37,20,31,56
1,138.3,75,55,91,0,0,42,54,48,0,42,0,28,25,53
1,138.62,44,65,93,0,32,42,44,40,0,63,42,36,46,55
-1,142.52,55,48,91,0,43,42,44,52,0,53,21,47,25,56
-1,142.21,93,73,88,0,0,43,37,44,0,77,21,37,17,61
1,139.08,35,64,81,0,0,0,43,48,0,37,22,38,31,58
1,144.3,38,60,93,0,32,0,62,36,0,65,41,38,29,65
-1,145.99,76,67,93,0,32,0,58,42,0,43,21,42,21,59
1,146.74,33,68,93,0,32,0,26,45,0,51,21,47,29,60
1,146.65,44,62,93,0,0,43,33,63,0,61,42,41,21,61
1,149.56,45,62,86,0,33,45,62,39,0,90,22,41,35,63
-1,150.26,28,79,90,0,33,58,45,59,84,86,22,41,43,59
1,148.91,43,73,93,0,0,0,69,62,0,64,20,61,29,60
-1,149.0,92,68,93,0,53,42,73,61,81,100,41,45,17,65
-1,149.64,66,62,94,0,0,42,26,64,82,73,21,48,13,64
-1,149.77,46,77,88,0,0,43,46,65,0,60,33,61,48,64
1,147.97,32,68,94,0,0,0,58,60,0,55,21,59,42,58
1,147.45,48,81,92,0,31,41,68,70,0,67,34,68,0,64
1,149.5,76,69,93,0,63,42,66,73,0,57,21,67,12,61
1,151.34,55,46,89,0,64,42,67,74,0,84,31,72,59,60
-1,156.54,51,67,85,0,68,0,39,68,0,64,22,65,22,65
1,156.06,43,71,92,81,31,41,76,69,0,62,41,67,33,64
1,156.0,54,83,94,0,31,42,61,62,0,67,31,77,29,65
1,156.49,86,94,94,0,32,0,47,69,0,67,21,79,46,62
-1,157.75,27,98,93,0,32,42,63,80,0,81,28,76,34,68
-1,157.8,57,82,85,86,0,0,50,83,0,85,22,83,36,67
1,157.51,76,66,93,0,32,0,58,91,0,81,28,80,50,66
-1,159.48,48,92,95,0,31,41,61,100,0,94,72,89,49,71
-1,159.0,70,80,93,0,31,0,51,85,0,60,41,90,29,92
-1,159.38,76,71,92,0,0,0,40,90,0,80,21,87,29,100
1,158.02,85,100,87,0,100,44,92,79,0,100,22,100,35,79
-1,158.67,59,20,88,0,32,0,96,30,0,31,35,0,29,50
1,157.23,70,19,86,0,32,0,48,38,0,41,36,0,29,51
1,157.86,40,18,85,0,33,0,53,31,0,38,37,0,16,51
-1,157.78,58,20,86,0,0,29,49,28,0,35,49,0,27,49
-1,156.0,70,16,80,43,0,60,54,27,0,27,37,0,19,45
1,155.61,52,16,87,0,64,42,57,27,0,49,35,0,39,47
-1,158.36,38,17,88,0,0,0,77,32,0,54,24,0,21,46
1,156.18,35,27,87,0,32,28,86,24,83,57,24,0,16,48
1,157.63,50,29,89,41,33,28,52,28,0,47,24,0,27,49
1,158.68,84,15,83,0,34,0,54,25,0,34,37,0,19,46
-1,158.9,63,22,88,0,0,28,65,23,0,37,24,0,16,46
1,157.37,73,23,90,0,32,0,54,35,0,46,94,0,21,50
-1,158.06,66,28,87,0,0,28,58,35,0,39,47,0,16,51
1,157.51,30,28,83,0,0,30,71,24,0,20,50,0,17,46
-1,158.1,55,21,90,0,0,28,47,37,0,19,69,0,23,44
1,156.41,55,24,90,0,0,28,44,38,0,19,35,0,31,47
-1,156.88,59,17,89,0,32,0,54,35,0,24,59,0,18,49
-1,156.56,53,22,87,0,0,0,55,37,42,30,36,0,27,52
1,154.79,55,21,83,0,0,30,57,28,0,35,58,0,30,46
1,157.53,56,19,90,0,0,0,45,39,0,27,24,0,24,47
1,156.44,50,25,90,0,0,0,33,35,0,23,24,0,37,48
-1,156.17,35,20,91,0,0,0,29,35,41,27,32,0,34,47
1,155.73,28,23,89,0,0,0,45,43,0,32,0,0,37,50
-1,155.55,66,25,83,0,0,0,64,29,0,30,49,0,25,50
1,155.29,45,25,87,0,0,28,48,32,0,30,35,0,16,50
-1,151.99,83,25,88,0,33,29,40,35,0,40,24,0,70,49
1,148.15,80,18,87,0,0,59,33,33,0,28,25,0,63,44
-1,150.15,56,25,82,0,0,89,37,39,0,30,100,0,28,50
-1,148.21,54,23,78,45,0,32,54,27,0,29,39,0,38,51
-1,147.58,37,26,80,0,0,0,48,32,0,25,25,0,39,47
1,148.12,46,25,79,0,35,0,63,37,0,41,39,0,40,51
1,149.69,60,23,73,0,0,32,51,47,46,23,27,0,36,51
1,150.82,31,31,62,0,0,0,73,33,0,7,40,0,33,51
1,151.13,42,27,83,44,35,31,42,41,0,37,43,0,17,53
1,152.2,46,34,84,0,0,0,39,47,45,35,52,0,37,53
-1,152.79,35,33,82,0,0,31,43,45,0,37,0,0,26,52
-1,151.73,39,23,71,0,0,0,63,41,0,10,44,0,39,49
-1,148.05,57,34,95,0,35,0,52,50,0,52,26,0,48,62
1,146.82,49,46,100,0,0,0,69,68,45,57,51,0,43,65
-1,145.59,62,56,89,0,0,0,39,64,0,37,39,0,35,62
-1,142.52,53,40,87,0,0,31,67,62,45,55,26,0,52,70
-1,141.36,66,40,82,0,0,31,57,60,0,63,39,0,38,70
-1,140.97,58,47,83,0,100,30,47,51,0,64,37,0,25,69
-1,141.36,62,45,83,0,34,30,30,70,43,56,0,0,58,70
-1,140.89,100,50,83,0,0,30,58,67,0,47,38,0,42,68
1,139.74,48,49,83,43,0,60,71,64,0,46,63,0,58,73
1,138.3,58,43,78,44,0,78,57,66,45,62,52,0,55,70
-1,140.1,48,59,86,0,0,30,68,77,0,66,25,0,25,76
1,136.95,71,45,86,43,0,30,72,78,0,86,25,0,39,75
1,136.96,64,69,86,0,0,31,97,100,0,92,64,0,43,88
-1,140.14,58,56,80,45,35,0,92,73,0,67,26,0,32,78
-1,138.96,44,54,85,0,34,60,51,82,43,69,87,0,55,79
1,141.79,48,54,85,0,34,30,71,78,0,85,37,0,50,85
1,144.95,74,50,88,0,34,0,75,78,44,68,25,0,100,85
1,146.16,67,66,87,43,35,30,86,82,44,100,25,0,39,94
1,148.24,47,52,80,0,0,31,53,66,45,67,26,0,50,83
-1,149.33,70,66,88,42,0,0,60,72,0,89,37,0,33,88
1,147.59,73,92,90,0,0,0,57,82,43,91,33,0,50,95
1,149.36,59,74,91,0,0,89,68,68,0,78,25,0,61,95
1,152.42,64,91,87,0,34,30,79,79,0,97,25,0,34,96
1,153.2,51,100,82,0,36,63,100,70,69,78,44,0,50,100
1,151.63,59,22,85,0,0,0,42,75,21,23,51,0,41,49
1,152.95,77,25,88,32,51,30,38,74,0,32,61,0,38,51
-1,154.43,54,24,87,0,100,0,59,79,20,29,30,0,56,52
1,149.91,58,28,88,31,50,29,47,82,20,23,30,0,28,55
1,151.51,41,25,82,33,78,60,42,86,0,31,46,0,49,51
1,155.0,82,25,88,31,49,0,37,74,20,38,0,0,40,51
1,156.0,100,25,89,0,0,29,29,68,0,33,30,0,37,49
1,156.35,75,28,89,0,49,29,28,74,20,57,59,0,68,52
-1,157.0,77,34,84,32,51,0,55,74,20,46,30,0,38,49
1,157.5,56,32,89,0,49,0,45,63,0,46,43,0,70,49
-1,157.63,53,31,92,0,97,0,34,66,0,39,29,0,42,50
1,154.84,42,27,92,0,0,57,52,65,0,41,59,0,40,47
1,157.54,89,29,89,0,50,0,47,69,0,36,30,0,40,49
-1,159.15,67,28,83,0,0,30,49,61,21,32,31,0,39,45
-1,158.01,55,26,87,30,72,28,31,61,19,37,43,0,51,46
1,158.75,87,29,90,31,49,0,44,63,0,36,29,0,51,49
1,158.88,66,26,90,30,48,0,37,61,19,34,0,0,60,47
-1,159.41,60,31,90,46,0,28,37,69,30,46,0,0,51,49
1,159.46,62,27,82,0,50,29,41,59,61,41,30,0,48,46
1,159.98,53,26,88,0,48,0,39,65,19,44,44,0,64,49
1,159.4,35,27,91,0,0,0,44,89,29,61,44,0,49,51
-1,160.5,42,22,91,0,0,28,40,83,39,67,0,0,67,51
-1,160.77,43,27,89,0,0,0,53,79,0,100,59,0,34,53
1,161.14,48,23,84,0,52,30,30,72,0,92,46,0,51,51
1,161.61,74,28,91,0,49,0,42,92,30,39,44,0,52,49
1,160.16,67,33,88,0,0,28,46,100,39,52,58,0,15,54
1,161.96,57,28,88,31,49,28,44,83,39,40,58,0,40,49
1,163.16,90,37,86,47,0,87,51,89,40,63,40,0,59,58
1,164.15,64,28,82,66,52,0,44,60,21,68,62,0,68,53
-1,165.05,54,20,89,31,0,29,37,52,20,49,30,0,44,43
1,164.5,90,29,89,31,0,0,46,63,40,71,30,0,31,59
-1,164.6,55,35,87,48,0,0,40,68,20,70,30,0,48,56
1,163.68,84,46,82,100,53,0,43,71,32,62,63,0,23,61
1,164.93,45,30,84,0,69,30,43,42,42,40,31,0,19,47
-1,164.93,78,56,92,31,49,0,59,69,39,77,59,0,61,65
1,165.37,71,56,93,0,74,0,65,67,60,66,30,0,53,66
-1,166.75,54,63,89,31,0,58,52,67,30,74,60,0,65,70
1,165.63,63,61,83,32,0,60,59,64,31,80,31,0,42,68
-1,167.11,74,50,90,0,49,0,51,52,39,73,98,0,55,65
1,165.18,43,67,94,47,50,0,71,59,80,86,59,0,37,71
1,165.34,68,61,91,31,49,0,64,52,40,76,30,0,37,68
1,165.88,76,73,92,31,0,29,59,53,60,59,30,0,44,72
-1,167.71,64,67,85,0,0,30,61,57,31,64,47,0,42,69
-1,167.12,39,70,93,31,0,0,55,40,0,57,69,0,49,65
1,167.01,100,100,93,47,49,28,100,77,40,71,0,0,43,100
1,168.47,75,96,92,47,0,0,89,63,40,74,40,0,34,96
-1,169.0,47,97,89,31,50,0,77,63,20,65,45,0,41,87
1,168.32,34,81,84,33,0,0,83,44,42,52,62,0,58,78
1,168.47,64,56,94,31,0,0,51,29,20,54,89,0,40,58
-1,169.92,68,59,93,31,49,0,49,35,20,57,30,0,55,63
-1,170.14,68,56,92,52,0,0,71,34,60,45,90,0,31,59
-1,168.97,73,61,88,32,0,0,66,37,20,53,45,0,28,63
-1,169.09,68,57,85,49,0,0,51,30,63,38,31,0,65,57
1,168.0,56,42,93,46,48,56,62,23,19,28,58,0,30,48
-1,167.5,53,47,94,0,49,0,50,29,39,45,58,0,100,52
1,166.99,57,28,91,31,0,28,41,22,20,26,0,0,34,38
1,166.85,47,43,91,31,0,29,44,25,81,37,30,0,56,49
1,166.98,53,34,84,33,52,0,44,19,31,27,62,0,44,44
1,167.3,58,27,90,63,50,0,37,18,20,17,45,0,57,34
1,167.39,57,36,96,31,0,29,46,21,40,24,30,0,34,45
1,166.37,72,27,90,31,0,0,59,19,100,25,50,0,34,41
1,167.46,56,24,89,32,0,0,53,19,52,16,93,0,42,39
1,167.84,65,20,100,33,0,0,37,12,42,19,32,0,36,35
-1,168.59,81,96,98,32,0,40,86,78,13,78,22,0,56,98
1,169.23,56,99,94,62,0,39,96,100,8,100,54,0,55,99
-1,170.2,60,100,96,31,0,0,100,78,9,68,43,0,58,95
1,169.86,73,83,88,32,47,79,62,91,5,77,43,0,51,90
-1,170.05,46,76,82,0,49,0,48,75,10,69,68,0,49,88
1,168.5,52,72,87,31,0,40,82,52,12,63,21,0,43,82
-1,169.57,72,65,98,31,0,39,66,82,11,71,21,0,27,82
1,166.5,67,62,91,31,0,0,84,50,8,45,21,0,62,80
-1,165.37,53,63,100,0,0,40,62,51,13,53,22,0,28,100
-1,165.25,63,52,82,33,49,42,85,65,6,52,0,0,46,82
1,165.28,68,59,82,42,0,39,50,63,11,36,42,0,27,72
1,167.16,96,58,83,0,0,0,43,48,22,71,21,0,47,75
1,169.0,77,65,82,32,47,40,49,69,23,26,22,0,71,76
-1,170.01,67,56,79,0,0,42,48,74,14,39,45,0,70,82
-1,168.91,26,54,76,0,0,43,52,66,18,39,35,0,46,78
-1,169.32,64,62,84,47,0,40,37,71,15,55,22,0,39,78
1,167.78,37,53,83,0,0,80,67,86,12,55,44,0,64,74
-1,168.71,61,48,80,0,0,0,56,70,10,44,33,0,44,75
1,168.05,73,48,76,0,49,0,59,65,12,33,34,0,31,68
1,168.85,81,43,81,32,0,40,58,67,16,38,88,0,52,65
1,170.25,69,41,84,32,0,40,40,57,13,36,22,0,80,71
1,170.95,73,35,83,32,0,40,33,38,17,31,22,0,44,65
-1,170.5,82,55,81,32,0,0,37,68,32,33,66,0,48,73
-1,169.27,56,46,75,0,0,0,47,75,16,40,34,0,42,69
-1,168.45,68,32,81,31,92,0,27,55,13,32,32,0,39,57
1,167.29,52,35,81,0,46,59,32,45,22,35,43,0,58,59
-1,167.95,77,33,82,32,0,40,23,60,11,34,65,0,32,63
1,167.35,44,24,78,0,47,40,35,51,20,24,33,0,63,61
-1,169.99,60,33,76,33,49,42,34,34,17,20,0,0,25,62
1,170.9,69,29,80,64,47,0,37,62,28,24,22,0,20,61
1,171.18,69,44,81,32,47,80,51,64,30,26,43,0,67,76
-1,171.83,61,33,80,32,0,0,49,55,25,30,0,0,40,66
1,172.71,59,31,79,0,0,42,34,62,41,39,45,0,53,70
1,168.87,86,29,70,34,0,42,27,60,32,29,46,0,97,63
-1,167.78,65,30,78,64,0,40,35,44,23,29,22,0,59,61
1,168.14,74,25,80,0,0,41,42,44,30,17,0,0,64,61
1,171.02,29,27,80,32,0,41,43,48,40,25,0,0,41,64
1,172.06,50,22,77,0,0,0,48,45,28,23,22,0,53,62
1,175.14,35,30,70,34,0,0,45,39,33,30,46,0,60,65
1,174.86,39,36,76,34,0,43,57,54,40,40,23,0,51,68
-1,175.2,53,36,76,52,0,65,40,37,38,43,35,0,47,70
-1,175.09,53,39,77,35,51,0,43,44,43,25,24,0,26,68
1,175.87,45,27,71,0,0,45,39,51,52,27,24,0,89,69
1,177.41,78,37,79,0,0,0,37,48,60,37,23,0,76,65
1,178.75,60,32,81,0,0,43,51,52,51,25,46,0,25,69
-1,179.22,73,30,79,0,50,86,39,60,56,35,35,0,89,71
1,180.15,87,29,75,65,0,82,33,58,67,26,22,0,73,66
-1,181.5,66,27,71,35,0,0,33,51,60,39,24,0,60,67
-1,181.44,77,23,77,45,100,0,42,37,58,26,23,0,55,63
1,181.11,73,22,77,34,49,64,27,41,56,24,46,0,76,65
-1,181.73,74,26,76,0,0,43,57,47,54,30,23,0,60,64
-1,181.29,57,27,78,34,0,43,50,47,61,19,0,0,47,60
1,180.42,67,23,70,0,0,44,38,34,66,23,0,0,57,66
-1,180.2,56,23,77,0,49,42,37,52,53,27,46,0,46,61
1,177.17,64,23,80,34,0,0,22,50,71,34,46,0,100,64
1,177.41,60,22,78,0,0,42,37,33,58,33,23,0,46,64
1,177.65,74,26,78,34,0,64,45,68,78,35,23,0,47,63
1,178.11,60,20,73,35,0,44,36,32,80,32,24,0,57,64
1,177.08,47,25,78,100,0,42,37,40,65,24,0,0,50,62
-1,178.58,64,27,81,33,0,70,22,55,96,49,23,0,54,60
-1,178.72,78,17,80,0,0,43,40,43,74,48,23,0,42,63
-1,178.96,100,24,76,0,0,43,27,51,93,56,35,0,32,66
1,178.25,65,22,72,36,0,45,34,66,88,35,0,0,50,63
-1,178.9,60,38,90,0,100,89,53,59,17,17,32,19,66,33
1,178.37,44,32,90,31,0,22,42,34,21,26,32,14,35,37
1,178.12,48,40,89,31,50,34,54,76,19,21,33,26,46,38
1,179.08,53,46,88,32,52,38,33,49,28,22,67,23,59,41
-1,181.47,42,42,82,0,0,59,45,93,21,20,35,24,51,42
-1,181.0,55,38,83,100,0,24,42,57,24,25,69,18,47,43
-1,180.12,53,52,89,32,0,38,48,64,28,18,34,32,72,43
1,178.67,25,43,88,32,0,23,74,61,24,21,68,24,59,41
-1,179.7,50,51,87,33,0,31,60,59,28,21,34,28,41,43
1,178.66,26,42,84,34,0,36,46,60,26,22,35,38,33,42
-1,179.18,41,66,94,0,0,68,47,43,24,23,100,36,31,40
1,179.61,36,52,93,0,0,68,68,63,28,26,33,34,31,44
0,179.41,48,45,94,31,0,59,64,73,24,26,32,48,44,46
1,179.09,62,49,93,0,0,36,83,60,32,30,31,42,30,46
-1,180.19,52,50,87,32,0,53,36,68,27,19,33,48,85,44
1,179.86,64,53,93,30,0,21,57,64,23,22,0,76,37,46
-1,180.72,53,51,99,30,0,63,84,72,31,23,31,48,29,46
-1,179.49,72,59,96,0,0,28,71,64,31,26,61,57,63,45
1,179.31,69,47,97,30,0,29,79,76,30,33,47,47,25,53
1,180.53,48,58,89,47,0,45,64,67,34,28,49,63,53,49
-1,180.56,64,69,99,30,0,28,47,95,30,36,62,100,54,55
-1,180.04,61,56,98,30,0,43,58,78,31,33,31,78,25,49
1,179.19,81,54,99,0,0,65,38,49,32,27,63,55,76,49
-1,178.89,52,52,93,31,0,100,57,54,28,35,32,55,39,50
1,175.0,62,47,98,30,49,65,86,52,23,16,32,61,60,46
-1,176.83,34,44,97,30,0,56,34,53,30,24,31,68,46,48
-1,175.96,98,43,97,0,0,35,71,64,39,26,31,50,46,54
1,175.53,61,47,97,30,48,57,41,68,42,32,31,53,51,58
-1,175.88,53,46,90,31,0,55,77,77,39,34,32,54,51,53
1,176.05,100,45,99,29,0,55,56,42,34,29,46,56,37,50
-1,177.71,59,59,99,29,46,31,69,68,46,32,0,54,45,56
1,177.88,82,50,99,29,0,31,37,61,45,49,30,49,29,54
1,179.83,69,48,99,30,48,64,98,51,48,40,62,46,63,59
-1,179.4,59,50,90,0,49,44,56,55,56,48,53,52,39,65
-1,176.85,78,45,99,29,0,62,60,63,51,40,30,59,61,65
1,175.61,78,62,98,29,0,34,36,47,59,49,30,51,24,71
1,176.78,56,58,98,59,47,42,53,66,58,49,30,48,49,70
-1,177.48,53,48,96,29,47,21,57,87,63,55,31,55,41,66
-1,176.58,39,42,89,30,0,87,55,71,46,40,62,39,43,57
-1,175.33,63,40,95,58,0,69,56,34,38,35,91,37,37,56
-1,174.59,62,49,98,43,0,51,69,47,57,53,75,55,40,64
1,171.66,37,60,97,29,46,62,69,47,60,61,30,53,53,66
-1,171.93,67,55,94,29,47,42,50,63,68,42,30,52,45,69
-1,171.9,46,65,87,45,48,54,51,51,57,50,42,46,42,65
-1,171.84,63,51,92,0,47,21,73,63,59,53,31,37,25,62
-1,170.24,59,64,96,29,0,28,49,68,82,63,30,22,37,76
1,169.6,57,53,97,30,0,91,50,53,72,66,31,29,37,74
1,168.87,71,72,96,58,0,70,100,74,74,75,30,29,29,72
-1,170.99,35,52,90,30,0,43,48,46,72,62,63,26,17,72
-1,170.54,44,66,96,48,0,41,65,46,65,62,89,33,44,66
-1,171.68,51,78,99,28,0,54,39,61,66,73,30,37,44,75
-1,170.8,55,71,100,29,0,41,49,49,63,68,30,18,20,71
1,169.57,66,76,97,58,46,48,49,49,84,68,40,24,36,80
1,168.11,65,54,88,30,0,75,68,59,64,60,47,24,38,69
-1,172.65,73,55,98,58,0,62,59,83,58,69,0,29,60,70
-1,169.47,58,83,100,29,46,20,49,100,80,78,74,33,100,84
1,165.69,81,86,99,77,46,31,59,88,81,86,30,46,48,83
-1,166.87,60,100,99,73,0,49,60,79,92,92,31,56,49,94
-1,166.55,67,89,89,0,0,44,52,91,90,96,43,43,43,88
-1,166.46,49,74,90,59,47,42,47,61,78,84,31,29,46,79
-1,165.4,68,81,93,59,96,74,71,61,98,94,0,48,21,100
1,164.7,48,84,97,44,0,28,69,58,89,88,61,36,53,94
1,166.14,59,84,98,85,46,61,46,60,100,96,30,38,57,95
-1,167.21,38,87,90,90,48,43,48,70,87,100,62,32,76,94
1,168.15,43,44,96,0,36,38,45,56,25,50,20,100,36,34
1,169.9,63,56,95,8,35,75,45,51,34,62,20,81,57,40
1,165.84,53,54,86,11,0,18,52,35,33,54,19,65,100,40
1,170.16,47,62,92,5,0,52,61,51,50,67,20,68,63,56
1,174.05,41,62,87,5,38,74,44,51,41,61,43,80,38,47
-1,175.23,50,54,96,10,36,57,42,77,35,62,20,64,25,42
1,173.16,79,61,98,12,36,51,56,46,39,60,20,93,76,47
-1,173.13,57,61,97,8,36,57,39,75,39,64,0,54,51,45
1,172.01,51,55,97,5,0,45,71,61,40,71,31,71,33,48
1,172.51,52,67,90,9,37,100,48,63,35,65,0,57,45,46
1,171.42,38,65,98,10,0,44,72,69,30,66,0,73,60,40
1,171.67,60,76,99,11,35,76,66,66,42,75,20,56,43,48
1,172.08,39,68,95,10,71,51,59,58,39,72,100,56,36,46
1,172.21,29,62,90,5,0,39,36,68,38,74,20,66,52,46
-1,173.56,84,57,100,9,34,36,36,67,33,55,19,47,27,41
1,172.54,61,71,99,12,0,36,43,80,43,83,57,50,27,50
-1,172.2,72,71,97,9,0,43,51,84,47,82,0,52,35,52
1,171.64,73,94,94,5,35,62,69,69,51,100,19,61,42,58
-1,172.53,58,75,91,10,0,32,60,80,51,88,21,41,26,56
-1,172.63,76,76,97,16,0,45,43,86,35,74,18,62,45,47
-1,171.82,40,100,97,11,0,30,63,78,47,99,38,40,48,55
1,172.38,55,89,96,14,0,31,47,89,45,86,20,39,45,54
-1,176.08,63,94,92,11,0,31,48,79,49,90,20,32,61,58
1,175.36,65,86,85,5,36,39,43,100,44,87,20,31,70,51
1,178.25,57,77,93,15,50,42,39,74,33,70,19,45,89,42
-1,179.57,51,91,94,12,0,67,93,82,100,92,19,38,96,100
-1,179.16,69,50,93,24,0,31,64,53,46,49,19,39,49,62
-1,177.26,67,45,91,15,70,28,100,74,31,33,40,26,57,47
1,176.56,56,42,84,15,0,30,58,59,22,28,41,19,49,39
1,177.61,46,40,90,15,0,57,63,50,15,20,20,30,62,26
1,178.34,65,36,90,13,37,90,57,57,15,25,21,41,51,26
-1,178.6,37,31,86,19,0,59,29,39,12,16,0,27,41,23
1,178.89,49,32,81,8,0,94,44,49,11,24,42,19,46,24
-1,179.09,35,28,72,11,0,62,46,50,9,20,0,24,39,20
1,178.66,22,28,85,14,0,72,25,50,10,19,41,14,41,19
-1,178.88,52,26,84,20,0,60,25,40,10,19,0,10,23,19
1,178.29,34,29,82,19,38,67,15,25,10,22,0,27,34,22
-1,179.0,47,15,78,59,39,56,31,33,9,21,0,18,51,20
-1,178.83,47,31,89,66,0,69,48,24,12,28,40,22,50,24
1,178.03,31,28,92,71,0,87,38,36,11,18,20,24,46,24
-1,178.26,63,36,91,74,70,57,59,30,12,23,0,26,43,23
1,177.29,47,28,86,47,0,58,39,31,12,19,51,34,55,23
-1,178.37,61,28,91,53,0,55,37,25,12,20,38,27,38,21
-1,177.36,74,38,95,77,0,90,46,32,12,19,19,28,38,24
1,176.63,27,33,96,54,0,72,49,17,13,28,28,38,34,24
1,176.97,44,39,95,61,34,98,47,33,17,33,0,38,49,28
-1,177.58,59,92,88,83,35,86,75,51,58,99,39,27,42,62
1,177.0,43,65,96,66,50,83,52,38,32,73,0,34,34,42
1,177.9,56,64,96,72,0,47,61,41,28,66,0,43,54,39
-1,179.25,64,54,95,72,0,42,69,23,23,52,37,28,41,35
-1,179.2,48,49,89,75,35,93,58,25,21,52,39,27,39,32
1,177.91,56,49,99,59,0,44,39,24,20,40,47,32,44,29
-1,177.5,100,57,100,61,100,81,43,40,17,37,37,41,78,29
-1,177.09,74,42,100,62,0,66,26,30,15,32,0,23,99,26
1,176.31,67,43,94,47,0,59,65,21,15,37,19,41,54,27
0,177.48,42,56,89,29,70,62,86,36,18,52,29,53,43,30
-1,177.25,63,37,99,38,33,77,48,24,18,59,19,35,40,28
1,174.74,90,47,100,49,50,89,46,23,16,56,19,39,30,28
0,175.17,52,42,98,49,33,64,57,29,13,38,18,42,53,23
1,174.13,70,30,97,45,34,60,46,25,13,41,38,34,51,23
1,174.02,59,32,92,46,0,68,34,16,10,29,39,33,67,22
1,174.12,33,81,86,50,0,41,100,80,100,99,33,0,33,100
-1,176.08,50,100,89,66,0,60,44,58,100,100,20,0,54,99
1,175.62,50,95,87,46,29,48,75,72,86,83,30,0,52,97
1,176.87,34,87,87,49,29,48,53,68,89,100,47,0,50,97
1,178.3,70,89,81,65,61,38,87,71,89,91,21,0,60,94
1,179.86,62,65,85,52,28,29,77,66,69,74,39,0,56,82
1,180.86,46,60,84,47,0,66,75,63,70,53,30,0,71,78
1,180.3,68,65,86,52,30,55,67,73,65,61,27,0,50,86
1,181.75,54,71,85,68,29,18,79,67,62,67,20,0,76,83
-1,183.43,38,67,81,67,29,24,75,90,67,48,20,0,44,83
1,182.79,66,68,90,66,0,30,83,44,66,65,30,0,57,90
1,183.4,83,84,93,66,0,12,70,53,71,79,30,0,60,86
1,185.91,42,69,90,67,0,18,67,100,59,78,20,0,56,84
1,186.82,52,65,83,41,30,38,87,42,63,60,21,0,57,80
-1,187.5,45,51,87,78,0,41,60,87,52,58,46,0,53,77
-1,186.73,29,55,91,59,28,41,52,62,52,68,30,0,41,78
1,188.08,44,65,92,40,42,17,51,34,43,42,19,0,100,78
1,189.46,56,58,93,45,28,58,59,78,53,53,19,0,77,77
-1,189.85,56,65,87,38,30,25,85,50,51,37,21,0,42,72
-1,188.93,64,58,90,51,0,34,38,47,44,57,45,0,57,74
1,188.29,35,52,90,42,55,45,58,46,45,50,38,0,59,76
-1,189.72,45,51,86,52,57,83,56,53,41,41,26,0,46,73
1,189.25,57,56,87,41,28,53,91,53,55,48,40,0,43,78
1,190.64,51,39,82,48,30,18,41,51,49,45,42,0,45,73
-1,191.77,65,54,88,30,27,28,64,41,39,53,0,0,35,65
-1,190.93,53,59,87,26,0,35,95,53,45,75,29,0,65,75
1,190.18,66,70,87,48,29,41,74,53,47,47,53,0,84,71
-1,191.06,67,55,87,29,29,54,53,54,49,80,40,0,63,77
1,190.82,48,37,80,44,30,31,60,71,44,68,42,0,49,74
1,192.52,54,72,90,42,29,18,70,40,47,57,33,0,60,76
-1,193.49,66,55,90,46,71,18,43,49,44,97,50,0,73,75
-1,192.3,49,64,89,35,0,24,60,26,48,68,30,0,48,73
1,192.12,55,58,88,40,88,12,58,54,54,66,20,0,50,76
-1,192.12,61,32,83,53,30,25,59,37,51,96,41,0,42,76
-1,190.7,50,52,89,44,29,48,35,49,39,33,27,0,52,70
1,189.94,71,58,91,37,29,0,61,53,48,65,60,0,55,78
1,190.59,29,52,92,55,29,30,31,49,55,87,20,0,38,70
1,190.74,38,60,90,61,44,30,71,46,45,60,20,0,46,79
1,191.3,52,52,81,48,30,31,78,51,45,60,42,0,29,72
-1,191.87,46,41,89,86,0,36,92,36,42,65,60,0,35,71
-1,190.57,50,87,90,61,0,48,74,67,59,94,27,0,35,77
-1,190.7,58,44,89,52,29,24,52,40,48,74,20,0,46,77
-1,190.41,59,58,90,40,29,42,58,48,46,78,54,0,33,75
-1,190.03,73,46,82,64,45,25,32,33,41,55,21,0,43,75
-1,190.16,59,42,88,49,0,24,62,36,46,62,34,0,52,68
1,189.13,46,46,89,56,29,30,62,55,43,68,47,0,39,70
-1,190.31,94,53,87,50,29,48,67,32,46,60,34,0,48,68
-1,189.25,31,58,83,56,31,45,70,29,43,65,21,0,47,71
1,189.31,78,27,82,41,45,19,41,37,28,58,35,0,40,66
1,189.76,82,62,89,43,71,35,65,26,40,62,30,0,43,74
-1,190.8,61,42,88,32,28,35,30,35,50,68,26,0,40,69
1,190.02,71,64,89,55,44,30,44,58,43,64,41,0,38,69
1,191.15,74,59,84,44,61,63,41,63,40,62,53,0,29,72
1,193.0,37,64,91,43,29,30,56,71,36,62,20,0,43,72
1,193.99,46,70,94,46,29,24,30,71,45,75,20,0,95,78
-1,195.7,41,38,90,52,28,70,47,31,42,81,39,0,64,71
1,195.43,100,44,89,51,29,48,48,36,37,85,50,0,71,73
-1,196.15,78,49,83,44,45,100,96,42,36,86,35,0,54,70
-1,195.5,67,36,84,71,78,32,71,34,26,60,32,0,77,65
1,195.16,46,54,93,55,0,65,87,67,51,65,20,0,49,74
1,196.6,54,40,92,42,29,53,39,53,36,65,100,0,41,68
1,198.3,42,53,95,53,58,36,53,20,33,50,40,0,60,71
-1,199.67,60,50,100,57,30,37,45,51,21,53,42,0,68,66
-1,198.84,69,47,100,22,10,40,50,38,45,45,49,0,39,65
-1,199.36,50,48,95,15,14,44,82,28,67,70,16,0,30,69
-1,197.37,77,57,98,26,7,53,60,28,47,55,16,0,18,62
1,196.04,43,42,95,30,7,33,42,21,54,61,83,0,29,73
1,195.9,32,45,85,20,18,26,58,15,55,64,28,0,27,72
1,196.67,64,44,93,20,22,70,67,15,42,32,17,0,31,69
1,197.48,45,38,95,23,0,30,29,33,47,59,43,0,19,69
-1,195.39,61,41,90,44,15,26,44,26,55,27,44,0,27,72
1,194.5,45,37,97,33,11,35,83,33,55,63,35,0,26,67
-1,196.3,30,30,87,36,8,48,31,19,36,39,30,0,27,64
1,196.35,45,36,87,36,22,48,69,33,47,52,17,0,22,63
-1,198.73,28,49,84,23,7,25,43,22,61,71,25,0,11,69
-1,198.49,67,33,85,35,15,52,40,22,48,40,35,0,24,71
1,198.41,38,50,83,31,8,62,70,27,51,60,44,0,28,70
1,199.14,27,29,79,22,12,23,58,28,38,38,19,0,38,68
1,200.31,36,44,85,32,11,38,77,33,71,51,28,0,41,74
1,202.73,24,51,86,37,37,46,48,40,53,44,28,0,36,70
1,204.25,33,26,83,26,0,39,89,30,58,54,41,0,61,66
1,205.06,35,47,77,29,8,59,67,0,46,57,28,0,35,72
-1,206.77,36,42,78,33,22,70,78,22,48,41,51,0,46,67
-1,206.01,44,51,86,19,11,46,33,40,45,73,39,0,28,66
-1,205.73,40,37,84,30,11,50,47,22,49,56,17,0,39,70
1,204.84,32,51,81,25,15,63,43,11,55,63,34,0,31,68
1,206.0,34,33,76,30,8,80,53,23,47,61,30,0,31,70
1,207.06,40,30,82,28,14,59,29,18,40,51,34,0,37,65
1,207.58,59,53,81,26,18,50,38,39,50,73,33,0,22,72
1,209.78,45,52,83,25,22,64,63,36,55,55,40,0,44,67
1,209.5,63,41,82,32,19,35,90,26,54,69,41,0,32,75
1,211.73,30,42,76,22,23,45,76,31,70,41,27,0,36,72
-1,214.0,41,53,84,22,15,26,48,33,52,46,29,0,36,65
-1,213.45,35,48,82,22,25,53,70,21,60,60,33,0,27,73
-1,214.02,51,46,81,19,21,78,47,28,59,75,27,0,36,66
-1,212.73,28,57,82,40,29,67,52,21,64,81,33,0,45,74
1,212.0,29,43,78,32,45,78,34,30,53,76,35,0,26,68
-1,212.79,50,49,80,23,19,17,69,26,43,40,29,0,21,67
-1,212.0,38,48,83,18,30,44,60,19,49,68,35,0,39,76
-1,210.78,42,40,86,26,31,67,35,30,66,83,18,0,44,65
-1,211.05,51,60,84,30,38,76,40,30,64,79,42,0,28,78
-1,209.91,100,53,77,20,31,45,67,27,68,71,49,0,32,70
1,209.14,43,54,83,28,23,36,81,27,51,80,36,0,32,72
-1,210.0,43,94,85,21,31,45,71,100,86,88,54,0,32,93
-1,209.05,68,100,83,28,46,72,51,38,100,97,84,0,30,100
1,208.5,52,51,79,33,55,50,73,39,73,82,49,0,29,77
1,209.6,37,48,85,22,56,39,44,30,52,54,40,0,19,71
-1,210.41,37,61,89,29,26,61,40,22,63,82,58,0,26,76
1,210.91,37,58,85,22,26,65,64,52,68,78,52,0,39,75
-1,211.2,25,72,85,29,61,73,45,27,83,86,53,0,38,77
1,211.52,39,55,80,27,27,41,52,31,69,73,49,0,25,79
-1,212.2,13,50,87,23,30,48,65,41,62,57,29,0,24,74
1,210.68,46,57,87,23,53,79,60,15,71,100,53,0,13,79
1,211.51,42,55,87,19,57,70,40,15,98,90,82,0,24,79
1,212.21,37,64,86,28,41,48,30,34,81,80,58,0,19,80
-1,211.65,74,67,83,25,39,100,67,51,66,66,49,0,25,76
-1,211.2,45,56,89,11,52,52,68,26,55,78,57,0,14,73
-1,202.65,86,49,87,23,48,60,49,22,61,73,46,0,97,80
-1,200.45,24,54,86,23,100,60,97,33,69,84,46,0,100,82
1,199.14,33,52,86,34,56,52,64,41,92,95,35,0,69,84
-1,200.79,26,37,80,20,77,67,61,39,69,69,60,0,47,79
1,202.29,47,55,86,24,60,54,42,46,55,51,55,0,37,68
1,203.19,54,53,84,20,76,72,87,21,47,54,70,0,34,73
1,205.91,36,62,87,26,86,63,100,40,74,52,84,0,36,75
-1,207.95,42,42,85,27,87,48,40,34,61,71,59,0,26,77
-1,207.9,58,63,98,11,14,22,74,23,80,81,18,0,14,99
-1,206.83,57,84,96,14,22,52,67,16,95,100,18,0,19,98
-1,206.69,62,63,93,17,42,42,69,19,97,79,27,0,17,92
1,205.62,39,58,94,10,37,27,60,30,84,87,28,0,18,100
-1,206.85,40,87,88,8,36,52,49,48,87,57,17,0,13,96
